,set_voltage_in,set_voltage_out,phase,measured_voltage_in,measured_current_in,measured_power_in,measured_voltage_out,measured_current_out,measured_power_out,wirkung
0,25.0,8.0,60.0,24.93335,0.1669454,4.162508,8.083703,0.4692773,3.793498,0.9113491
1,25.0,8.5,60.0,24.93098,0.1767522,4.406604,8.589006,0.4672885,4.013544,0.9108019
2,25.0,9.0,60.0,24.92959,0.1863198,4.644875,9.080946,0.465396,4.226236,0.9098709
3,25.0,9.5,60.0,24.92851,0.1962224,4.891532,9.590071,0.4635252,4.44524,0.9087622
4,25.0,10.0,60.0,24.92684,0.205979,5.134406,10.09162,0.4616437,4.658731,0.9073555
5,25.0,10.5,60.0,24.92474,0.2156556,5.375159,10.58912,0.4597327,4.868163,0.9056779
6,25.0,11.0,60.0,24.92351,0.225319,5.615739,11.08544,0.4578392,5.075349,0.9037722
7,25.0,11.5,60.0,24.92203,0.2351019,5.859216,11.5881,0.4560112,5.284306,0.9018794
8,25.0,12.0,60.0,24.92031,0.2450638,6.107067,12.09957,0.4542317,5.496007,0.8999422
9,25.5,8.0,60.0,24.93246,0.1669327,4.162041,8.083174,0.4692666,3.793163,0.9113709
10,25.5,8.5,60.0,24.93135,0.1767307,4.406135,8.588407,0.4673137,4.01348,0.9108845
11,25.5,9.0,60.0,24.93,0.1863078,4.644654,9.080646,0.4653946,4.226084,0.9098812
12,25.5,9.5,60.0,24.92775,0.1962069,4.890997,9.589766,0.463499,4.444847,0.9087815
13,25.5,10.0,60.0,24.9259,0.2059609,5.133761,10.09123,0.4616073,4.658184,0.9073627
14,25.5,10.5,60.0,24.92472,0.2156444,5.374877,10.58869,0.4597281,4.867917,0.9056796
15,25.5,11.0,60.0,24.92338,0.2253221,5.615787,11.0851,0.457822,5.075002,0.9037027
16,25.5,11.5,60.0,24.92207,0.2351036,5.85927,11.58786,0.4559994,5.284059,0.9018289
17,25.5,12.0,60.0,24.92016,0.245067,6.107109,12.09946,0.4542086,5.495678,0.8998822
18,26.0,8.0,60.0,25.97164,0.1673379,4.346039,8.086528,0.4904164,3.965766,0.9125012
19,26.0,8.5,60.0,25.97006,0.1771617,4.6009,8.592221,0.488406,4.196493,0.9121026
20,26.0,9.0,60.0,25.96852,0.1867311,4.849129,9.084064,0.4864634,4.419065,0.911311
21,26.0,9.5,60.0,25.96671,0.1966216,5.105615,9.593291,0.4845825,4.648741,0.9105154
22,26.0,10.0,60.0,25.96539,0.2063637,5.358315,10.09468,0.4826818,4.87252,0.9093381
23,26.0,10.5,60.0,25.96387,0.2160382,5.609186,10.59233,0.4807865,5.092649,0.9079123
24,26.0,11.0,60.0,25.96218,0.2256929,5.85948,11.08844,0.478886,5.310097,0.9062403
25,26.0,11.5,60.0,25.96044,0.235471,6.11293,11.59123,0.4770519,5.529616,0.9045771
26,26.0,12.0,60.0,25.9587,0.2454355,6.371187,12.10276,0.4752562,5.751911,0.9028005
27,26.5,8.0,60.0,25.97131,0.167321,4.345546,8.086436,0.4904183,3.965736,0.9125979
28,26.5,8.5,60.0,25.96986,0.1771475,4.600497,8.592178,0.4884219,4.196609,0.9122077
29,26.5,9.0,60.0,25.96848,0.186711,4.848602,9.084061,0.4865101,4.419487,0.9114972
30,26.5,9.5,60.0,25.96697,0.1966057,5.105254,9.593083,0.4846117,4.648921,0.910615
31,26.5,10.0,60.0,25.96485,0.2063596,5.358096,10.09456,0.482689,4.872535,0.909378
32,26.5,10.5,60.0,25.9638,0.2160377,5.609158,10.59228,0.4807939,5.092704,0.9079267
33,26.5,11.0,60.0,25.96228,0.2256998,5.85968,11.08846,0.478881,5.310052,0.9062017
34,26.5,11.5,60.0,25.96023,0.2354858,6.113266,11.59112,0.4770478,5.529518,0.9045114
35,26.5,12.0,60.0,25.95881,0.2454345,6.371188,12.10284,0.4752546,5.751931,0.9028035
36,27.0,8.0,60.0,26.96923,0.1677273,4.523475,8.08979,0.5106172,4.130786,0.9131886
37,27.0,8.5,60.0,26.96866,0.1775525,4.788353,8.595829,0.5085885,4.37174,0.9129944
38,27.0,9.0,60.0,26.9671,0.1870954,5.04542,9.08742,0.5066301,4.60396,0.9125028
39,27.0,9.5,60.0,26.96514,0.1969849,5.311724,9.596377,0.5047287,4.843567,0.9118634
40,27.0,10.0,60.0,26.96368,0.2067391,5.574447,10.09778,0.5028314,5.077479,0.910849
41,27.0,10.5,60.0,26.96194,0.2164267,5.835281,10.59552,0.5009395,5.307714,0.9095901
42,27.0,11.0,60.0,26.96021,0.226077,6.095083,11.09198,0.4990264,5.535191,0.9081403
43,27.0,11.5,60.0,26.95812,0.2358502,6.358078,11.59446,0.4971806,5.764543,0.9066486
44,27.0,12.0,60.0,26.95704,0.2458137,6.62641,12.10604,0.4953853,5.997155,0.9050382
45,27.5,8.0,60.0,26.96937,0.1677319,4.523624,8.089997,0.5106224,4.130934,0.9131913
46,27.5,8.5,60.0,26.96758,0.1775515,4.788134,8.595973,0.5085785,4.371727,0.9130335
47,27.5,9.0,60.0,26.96564,0.1871111,5.045571,9.087482,0.5066551,4.604219,0.9125269
48,27.5,9.5,60.0,26.96401,0.1969834,5.311461,9.596466,0.504759,4.843902,0.9119717
49,27.5,10.0,60.0,26.96212,0.2067443,5.574264,10.09782,0.5028034,5.077216,0.9108317
50,27.5,10.5,60.0,26.9602,0.2164148,5.834588,10.59559,0.5009192,5.307535,0.9096675
51,27.5,11.0,60.0,26.95878,0.2260788,6.094809,11.09191,0.4990113,5.534989,0.9081481
52,27.5,11.5,60.0,26.95708,0.2358506,6.357841,11.59441,0.4971735,5.764434,0.9066652
53,27.5,12.0,60.0,26.95572,0.2458124,6.62605,12.10623,0.495383,5.99722,0.9050972
54,28.0,8.0,60.0,27.97951,0.1681337,4.704298,8.09319,0.5312027,4.299125,0.9138716
55,28.0,8.5,60.0,27.97782,0.1779653,4.97908,8.59965,0.5291547,4.550545,0.913933
56,28.0,9.0,60.0,27.97597,0.1875063,5.245672,9.091005,0.5271916,4.792701,0.9136487
57,28.0,9.5,60.0,27.97406,0.1973968,5.52199,9.599848,0.5252931,5.042734,0.9132095
58,28.0,10.0,60.0,27.97232,0.2071358,5.79407,10.10119,0.5233536,5.286495,0.9123974
59,28.0,10.5,60.0,27.97128,0.2168168,6.064641,10.59923,0.5214472,5.526938,0.911338
60,28.0,11.0,60.0,27.9701,0.2264572,6.33403,11.09529,0.5195479,5.764533,0.9100893
61,28.0,11.5,60.0,27.96815,0.2362345,6.607041,11.59774,0.5176992,6.004141,0.9087488
62,28.0,12.0,60.0,27.96599,0.2461944,6.885071,12.10947,0.515901,6.247287,0.9073671
63,28.5,8.0,60.0,27.97843,0.1681266,4.703918,8.093131,0.5311882,4.298975,0.9139138
64,28.5,8.5,60.0,27.97707,0.1779617,4.978847,8.599728,0.5291573,4.550609,0.9139885
65,28.5,9.0,60.0,27.97529,0.1875099,5.245645,9.09116,0.5271778,4.792657,0.9136451
66,28.5,9.5,60.0,27.97381,0.1973902,5.521755,9.599827,0.5252711,5.042511,0.913208
67,28.5,10.0,60.0,27.97206,0.2071339,5.79396,10.10139,0.5233607,5.286669,0.9124449
68,28.5,10.5,60.0,27.97101,0.2168188,6.064641,10.59943,0.5214205,5.526761,0.9113089
69,28.5,11.0,60.0,27.96918,0.226465,6.334042,11.09553,0.5195262,5.764419,0.9100697
70,28.5,11.5,60.0,27.96696,0.2362518,6.607244,11.59791,0.5176794,6.003997,0.9086992
71,28.5,12.0,60.0,27.96593,0.2461943,6.885054,12.10959,0.5158788,6.247081,0.9073395
72,29.0,8.0,60.0,28.97187,0.168556,4.883384,8.0966,0.5514392,4.464782,0.9142803
73,29.0,8.5,60.0,28.97079,0.1783772,5.167729,8.603261,0.549379,4.726451,0.9146089
74,29.0,9.0,60.0,28.96872,0.187918,5.443744,9.09491,0.5474119,4.978662,0.9145657
75,29.0,9.5,60.0,28.967,0.1977877,5.729316,9.603474,0.5454813,5.238515,0.9143351
76,29.0,10.0,60.0,28.96552,0.2075352,6.011364,10.10472,0.5435375,5.492296,0.9136524
77,29.0,10.5,60.0,28.9638,0.2172021,6.290998,10.60259,0.541602,5.742386,0.9127942
78,29.0,11.0,60.0,28.96228,0.2268545,6.570224,11.09914,0.5396981,5.990186,0.9117172
79,29.0,11.5,60.0,28.96122,0.2366155,6.852674,11.60111,0.5378594,6.239767,0.9105593
80,29.0,12.0,60.0,28.95967,0.2465727,7.140663,12.11291,0.5360653,6.493309,0.9093426
81,29.5,8.0,60.0,28.97224,0.1685551,4.883418,8.096828,0.5514603,4.465079,0.9143348
82,29.5,8.5,60.0,28.96994,0.1783773,5.167579,8.603436,0.5493658,4.726434,0.9146321
83,29.5,9.0,60.0,28.96913,0.1879095,5.443574,9.094732,0.5474237,4.978672,0.914596
84,29.5,9.5,60.0,28.96769,0.1977871,5.729436,9.603309,0.5454758,5.238372,0.9142911
85,29.5,10.0,60.0,28.9663,0.207531,6.011405,10.10472,0.5435572,5.492493,0.9136788
86,29.5,10.5,60.0,28.9648,0.2172116,6.291491,10.60268,0.5416182,5.742604,0.9127573
87,29.5,11.0,60.0,28.96282,0.2268716,6.570843,11.09913,0.5397198,5.990421,0.9116669
88,29.5,11.5,60.0,28.96078,0.2366187,6.852663,11.60117,0.5378727,6.239954,0.9105883
89,29.5,12.0,60.0,28.95916,0.2465758,7.140628,12.11288,0.5360547,6.493166,0.9093271
90,30.0,8.0,60.0,29.984,0.1689849,5.066844,8.100033,0.5720972,4.634007,0.9145745
91,30.0,8.5,60.0,29.98231,0.1788009,5.360864,8.606898,0.5699686,4.905662,0.9150881
92,30.0,9.0,60.0,29.97973,0.188328,5.646025,9.098227,0.5679549,5.167382,0.9152249
93,30.0,9.5,60.0,29.97864,0.1981912,5.941502,9.606456,0.5660427,5.437665,0.9152004
94,30.0,10.0,60.0,29.97737,0.2079329,6.233281,10.10791,0.5641134,5.702006,0.914768
95,30.0,10.5,60.0,29.9757,0.2175928,6.522495,10.6058,0.5621924,5.962502,0.9141442
96,30.0,11.0,60.0,29.97428,0.2272564,6.811846,11.10264,0.5602759,6.220539,0.9131943
97,30.0,11.5,60.0,29.97298,0.2370209,7.104224,11.60426,0.558403,6.479852,0.9121127
98,30.0,12.0,60.0,29.97128,0.2469698,7.401999,12.11603,0.5565814,6.743555,0.9110451
99,30.5,8.0,60.0,29.9838,0.1689704,5.066374,8.099629,0.5721043,4.633833,0.9146252
100,30.5,8.5,60.0,29.98232,0.1787954,5.360699,8.60684,0.5699781,4.905711,0.9151251
101,30.5,9.0,60.0,29.98061,0.1883395,5.646534,9.0982,0.5679911,5.167697,0.915198
102,30.5,9.5,60.0,29.97969,0.1981953,5.941836,9.606322,0.5660346,5.437511,0.9151231
103,30.5,10.0,60.0,29.97811,0.2079409,6.233675,10.10776,0.5641087,5.701877,0.9146895
104,30.5,10.5,60.0,29.97664,0.2176174,6.523438,10.60581,0.5621679,5.962248,0.9139733
105,30.5,11.0,60.0,29.97495,0.2272692,6.812383,11.1024,0.5602421,6.220033,0.913048
106,30.5,11.5,60.0,29.97309,0.2370191,7.104194,11.60401,0.5583937,6.479608,0.912082
107,30.5,12.0,60.0,29.97103,0.2469701,7.40195,12.11595,0.5565561,6.743207,0.9110041
108,31.0,8.0,60.0,30.97254,0.1693881,5.246379,8.103213,0.5922567,4.799182,0.9147609
109,31.0,8.5,60.0,30.97097,0.1792122,5.550375,8.610473,0.5901499,5.08147,0.9155182
110,31.0,9.0,60.0,30.96989,0.1887381,5.8452,9.101643,0.5881336,5.352982,0.915791
111,31.0,9.5,60.0,30.96812,0.198605,6.150426,9.609825,0.5861563,5.63286,0.9158487
112,31.0,10.0,60.0,30.96628,0.2083262,6.451087,10.11128,0.5842162,5.907175,0.9156867
113,31.0,10.5,60.0,30.96519,0.2179954,6.750268,10.609,0.5822789,6.177397,0.9151335
114,31.0,11.0,60.0,30.96345,0.2276527,7.048913,11.10606,0.580356,6.445468,0.9143919
115,31.0,11.5,60.0,30.96168,0.2373875,7.349916,11.60744,0.5784749,6.714613,0.9135633
116,31.0,12.0,60.0,30.96031,0.2473454,7.65789,12.11942,0.5766402,6.988545,0.9125941
117,31.5,8.0,60.0,30.97258,0.1693825,5.246212,8.103287,0.5922549,4.799212,0.9147956
118,31.5,8.5,60.0,30.97098,0.1792164,5.550506,8.610579,0.5901458,5.081498,0.9155016
119,31.5,9.0,60.0,30.96972,0.1887468,5.845437,9.10189,0.5881422,5.353205,0.9157922
120,31.5,9.5,60.0,30.96789,0.1985903,6.149922,9.609776,0.5861761,5.633021,0.9159499
121,31.5,10.0,60.0,30.96664,0.2083375,6.451511,10.11127,0.5842274,5.907281,0.915643
122,31.5,10.5,60.0,30.9652,0.2179902,6.750108,10.60903,0.5822686,6.177304,0.9151415
123,31.5,11.0,60.0,30.96334,0.2276463,7.048691,11.10596,0.5803506,6.445348,0.9144035
124,31.5,11.5,60.0,30.96209,0.2373977,7.350331,11.6075,0.5784849,6.714764,0.9135323
125,31.5,12.0,60.0,30.9605,0.247356,7.658266,12.11956,0.5766501,6.988747,0.9125756
126,32.0,8.0,60.0,31.96588,0.1698045,5.427951,8.106312,0.6125375,4.96542,0.9147872
127,32.0,8.5,60.0,31.96376,0.179621,5.741361,8.613758,0.6103759,5.257631,0.9157465
128,32.0,9.0,60.0,31.96216,0.189143,6.045419,9.105215,0.6083364,5.539034,0.9162366
129,32.0,9.5,60.0,31.96019,0.1989876,6.359682,9.612874,0.6063514,5.82878,0.9165207
130,32.0,10.0,60.0,31.95894,0.2087218,6.670528,10.1144,0.6043808,6.112949,0.9164116
131,32.0,10.5,60.0,31.95716,0.2183788,6.978764,10.61205,0.6024274,6.392987,0.9160629
132,32.0,11.0,60.0,31.95573,0.228053,7.2876,11.10967,0.600498,6.671336,0.9154366
133,32.0,11.5,60.0,31.95401,0.2377852,7.598191,11.61051,0.598637,6.950481,0.9147547
134,32.0,12.0,60.0,31.95204,0.24774,7.9158,12.12275,0.5967871,7.2347,0.9139569
135,32.5,8.0,60.0,31.96469,0.1697982,5.427546,8.106461,0.6125059,4.965255,0.914825
136,32.5,8.5,60.0,31.9633,0.1796299,5.741565,8.614002,0.6103516,5.25757,0.9157032
137,32.5,9.0,60.0,31.96123,0.1891544,6.045607,9.105388,0.6083076,5.538877,0.916182
138,32.5,9.5,60.0,31.95994,0.1989947,6.359859,9.612966,0.6063197,5.828531,0.9164559
139,32.5,10.0,60.0,31.95887,0.2087233,6.67056,10.11456,0.604389,6.113127,0.9164339
140,32.5,10.5,60.0,31.95724,0.2183809,6.978853,10.61222,0.6024256,6.393071,0.9160633
141,32.5,11.0,60.0,31.95588,0.2280524,7.287615,11.10948,0.6005076,6.671325,0.9154332
142,32.5,11.5,60.0,31.95377,0.2377848,7.598121,11.61051,0.5986282,6.950376,0.9147493
143,32.5,12.0,60.0,31.95258,0.2477431,7.916032,12.12255,0.5967882,7.234594,0.9139167
144,33.0,8.0,60.0,32.97732,0.1702221,5.613467,8.109913,0.6331722,5.134971,0.9147593
145,33.0,8.5,60.0,32.97602,0.180065,5.937827,8.61754,0.6309849,5.437538,0.9157454
146,33.0,9.0,60.0,32.97416,0.1895869,6.251469,9.108979,0.6289579,5.729165,0.916451
147,33.0,9.5,60.0,32.97296,0.1994203,6.575477,9.61627,0.6269719,6.029131,0.9169117
148,33.0,10.0,60.0,32.97107,0.2091492,6.895872,10.11788,0.6249697,6.323369,0.9169788
149,33.0,10.5,60.0,32.9698,0.2188055,7.213974,10.61559,0.6230155,6.61368,0.9167874
150,33.0,11.0,60.0,32.96779,0.2284735,7.532267,11.11324,0.6210678,6.902073,0.9163342
151,33.0,11.5,60.0,32.96655,0.238195,7.852465,11.61394,0.6191995,7.191348,0.9158077
152,33.0,12.0,60.0,32.96512,0.2481517,8.180349,12.12592,0.6173562,7.48601,0.915121
153,33.5,8.0,60.0,32.97743,0.1702216,5.613471,8.109597,0.6331701,5.134754,0.91472
154,33.5,8.5,60.0,32.97567,0.1800654,5.937776,8.617442,0.6310082,5.437677,0.9157766
155,33.5,9.0,60.0,32.97484,0.1895789,6.251335,9.109029,0.6289615,5.729228,0.9164809
156,33.5,9.5,60.0,32.9731,0.199411,6.575199,9.616188,0.6269442,6.028813,0.9169021
157,33.5,10.0,60.0,32.97102,0.209151,6.895921,10.1179,0.6249903,6.323588,0.9170042
158,33.5,10.5,60.0,32.96955,0.2188107,7.214092,10.61546,0.6230357,6.613811,0.9167904
159,33.5,11.0,60.0,32.96834,0.2284689,7.532239,11.11312,0.6210768,6.902101,0.9163411
160,33.5,11.5,60.0,32.96628,0.2381937,7.85236,11.61386,0.6192008,7.19131,0.9158151
161,33.5,12.0,60.0,32.96442,0.2481468,8.180016,12.12607,0.6173534,7.48607,0.9151657
162,34.0,8.0,60.0,33.97148,0.1698915,5.771464,8.073793,0.6557902,5.294714,0.9173954
163,34.0,8.5,60.0,33.96944,0.1797032,6.104416,8.581658,0.6536049,5.609014,0.9188452
164,34.0,9.0,60.0,33.9686,0.1892236,6.427662,9.0735,0.6514376,5.910819,0.9195909
165,34.0,9.5,60.0,33.96693,0.1990357,6.760633,9.580425,0.6494702,6.222201,0.9203578
166,34.0,10.0,60.0,33.96521,0.2087748,7.091079,10.0823,0.6474969,6.528257,0.9206296
167,34.0,10.5,60.0,33.96388,0.2184272,7.418634,10.57986,0.645541,6.829732,0.9206185
168,34.0,11.0,60.0,33.9625,0.2280953,7.746686,11.07813,0.6435635,7.12948,0.9203265
169,34.0,11.5,60.0,33.96086,0.2378122,8.076307,11.57847,0.6417024,7.429931,0.9199663
170,34.0,12.0,60.0,33.95942,0.2477626,8.413876,12.091,0.6398326,7.736213,0.919459
171,34.5,8.0,60.0,33.97138,0.1698581,5.770314,8.073861,0.6558027,5.29486,0.9176033
172,34.5,8.5,60.0,33.96985,0.1796758,6.103559,8.58186,0.6536034,5.609133,0.9189938
173,34.5,9.0,60.0,33.96818,0.1892032,6.426889,9.073798,0.6514731,5.911335,0.9197818
174,34.5,9.5,60.0,33.96652,0.1990305,6.760374,9.580607,0.6494902,6.22251,0.9204388
175,34.5,10.0,60.0,33.96494,0.2087677,7.090783,10.08247,0.6475072,6.528474,0.9206987
176,34.5,10.5,60.0,33.96384,0.2184213,7.418426,10.58002,0.6454807,6.829198,0.9205723
177,34.5,11.0,60.0,33.96255,0.2280962,7.746729,11.07835,0.6435198,7.129137,0.9202769
178,34.5,11.5,60.0,33.96073,0.2378083,8.076144,11.57853,0.6415535,7.428246,0.9197763
179,34.5,12.0,60.0,33.95979,0.2477468,8.413428,12.09099,0.6397651,7.735394,0.9194104
180,35.0,8.0,60.0,34.98307,0.1702513,5.955914,8.075795,0.6764721,5.46305,0.9172478
181,35.0,8.5,60.0,34.98153,0.1800629,6.298878,8.583944,0.6741908,5.787217,0.9187694
182,35.0,9.0,60.0,34.98016,0.1895928,6.631986,9.076382,0.6721431,6.100627,0.9198795
183,35.0,9.5,60.0,34.97829,0.199399,6.974635,9.582726,0.6700594,6.420996,0.9206211
184,35.0,10.0,60.0,34.9766,0.2091213,7.314351,10.08477,0.6680619,6.737252,0.9211004
185,35.0,10.5,60.0,34.97563,0.2187666,7.651498,10.58204,0.6661168,7.048873,0.9212409
186,35.0,11.0,60.0,34.97346,0.2284419,7.989406,11.08048,0.6641062,7.358613,0.9210463
187,35.0,11.5,60.0,34.97237,0.2381407,8.328342,11.58048,0.6622033,7.668633,0.9207874
188,35.0,12.0,60.0,34.97073,0.2480901,8.675889,12.09305,0.6603457,7.985592,0.920435
189,25.0,8.0,65.0,34.98236,0.1762267,6.164825,8.078231,0.6975115,5.634659,0.9140014
190,25.0,8.5,65.0,34.9805,0.1876962,6.565707,8.586663,0.6997604,6.008607,0.9151501
191,25.0,9.0,65.0,34.97914,0.197676,6.914538,9.079528,0.6977375,6.335127,0.9162039
192,25.0,9.5,65.0,34.97737,0.2079098,7.272138,9.585053,0.6958762,6.670011,0.9172007
193,25.0,10.0,65.0,34.97554,0.2180846,7.627628,10.08717,0.6938651,6.999138,0.9176035
194,25.0,10.5,65.0,34.97323,0.2281596,7.979476,10.5845,0.6921071,7.325605,0.9180559
195,25.0,11.0,65.0,34.97201,0.2382838,8.333263,11.08363,0.6902844,7.650854,0.9181103
196,25.0,11.5,65.0,34.97053,0.2483995,8.686662,11.58315,0.6884371,7.974271,0.9179903
197,25.0,12.0,65.0,34.96922,0.2587816,9.049392,12.09556,0.6864831,8.303399,0.9175643
198,25.5,8.0,65.0,25.4772,0.1742297,4.438884,8.08811,0.4992359,4.037875,0.9096599
199,25.5,8.5,65.0,25.47514,0.1845044,4.700275,8.594199,0.4973294,4.274148,0.90934
200,25.5,9.0,65.0,25.47353,0.1944792,4.95407,9.085904,0.4955124,4.502178,0.9087838
201,25.5,9.5,65.0,25.47165,0.204818,5.217051,9.595009,0.4937155,4.737204,0.9080234
202,25.5,10.0,65.0,25.46992,0.2150123,5.476346,10.09654,0.4918696,4.966183,0.9068424
203,25.5,10.5,65.0,25.46844,0.2251138,5.733297,10.59436,0.4900342,5.1916,0.9055174
204,25.5,11.0,65.0,25.46713,0.2352,5.989871,11.09039,0.4882025,5.414355,0.9039184
205,25.5,11.5,65.0,25.46523,0.2454228,6.249749,11.59296,0.4864101,5.638934,0.9022658
206,25.5,12.0,65.0,25.46367,0.2558155,6.514004,12.10491,0.4846666,5.866846,0.9006513
207,26.0,8.0,65.0,25.47641,0.1742285,4.438717,8.088413,0.4992286,4.037967,0.9097148
208,26.0,8.5,65.0,25.47449,0.1844993,4.700025,8.594161,0.497361,4.274401,0.9094422
209,26.0,9.0,65.0,25.47327,0.194479,4.954018,9.086118,0.4955074,4.502239,0.9088056
210,26.0,9.5,65.0,25.47145,0.2048143,5.216916,9.595056,0.4936863,4.736947,0.9079976
211,26.0,10.0,65.0,25.47008,0.2150013,5.4761,10.09665,0.4918627,4.966165,0.9068799
212,26.0,10.5,65.0,25.4684,0.2251161,5.733347,10.59449,0.4900525,5.191855,0.9055539
213,26.0,11.0,65.0,25.46678,0.2351981,5.989738,11.09049,0.4881924,5.414292,0.903928
214,26.0,11.5,65.0,25.46527,0.2454184,6.249645,11.5931,0.4864112,5.639014,0.9022936
215,26.0,12.0,65.0,25.4632,0.2558105,6.513753,12.10497,0.484658,5.86677,0.9006742
216,26.5,8.0,65.0,26.46999,0.1746214,4.622228,8.091743,0.5201494,4.208915,0.9105815
217,26.5,8.5,65.0,26.46806,0.1848996,4.893934,8.59797,0.5182256,4.455688,0.9104511
218,26.5,9.0,65.0,26.46679,0.194875,5.157714,9.089532,0.5163971,4.693808,0.9100558
219,26.5,9.5,65.0,26.46498,0.2052105,5.430891,9.598493,0.5145893,4.939281,0.909479
220,26.5,10.0,65.0,26.46329,0.2154,5.700191,10.10007,0.5127319,5.178626,0.9085004
221,26.5,10.5,65.0,26.46183,0.2255067,5.96732,10.59789,0.5109224,5.414697,0.9073918
222,26.5,11.0,65.0,26.45988,0.235594,6.233789,11.09412,0.509069,5.64767,0.9059771
223,26.5,11.5,65.0,26.45865,0.245806,6.503695,11.59647,0.5072646,5.88248,0.9044826
224,26.5,12.0,65.0,26.45667,0.2561979,6.778142,12.10807,0.5055265,6.120952,0.9030426
225,27.0,8.0,65.0,26.4697,0.1746215,4.62218,8.091638,0.5201455,4.208829,0.9105723
226,27.0,8.5,65.0,26.46858,0.1849,4.894042,8.598058,0.5182577,4.45601,0.910497
227,27.0,9.0,65.0,26.46703,0.1948626,5.157434,9.08953,0.5163978,4.693813,0.9101064
228,27.0,9.5,65.0,26.46484,0.2051923,5.43038,9.59835,0.5145988,4.9393,0.9095679
229,27.0,10.0,65.0,26.46343,0.2153694,5.699412,10.09992,0.5127542,5.178778,0.9086511
230,27.0,10.5,65.0,26.46158,0.2254972,5.967013,10.59788,0.510911,5.414575,0.907418
231,27.0,11.0,65.0,26.46001,0.2355758,6.233338,11.09404,0.5090561,5.647489,0.9060135
232,27.0,11.5,65.0,26.45867,0.2457932,6.503361,11.59649,0.5072687,5.882535,0.9045377
233,27.0,12.0,65.0,26.45663,0.2561894,6.777907,12.10816,0.5055378,6.121133,0.9031007
234,27.5,8.0,65.0,27.48188,0.1750213,4.809914,8.095296,0.5414631,4.383304,0.9113061
235,27.5,8.5,65.0,27.48001,0.1853192,5.092574,8.601924,0.5395257,4.640959,0.911319
236,27.5,9.0,65.0,27.47842,0.1952891,5.366235,9.093202,0.537681,4.889242,0.911112
237,27.5,9.5,65.0,27.47692,0.2055992,5.649232,9.601894,0.5358644,5.145313,0.9107986
238,27.5,10.0,65.0,27.47538,0.2157908,5.928935,10.10326,0.5340337,5.395478,0.9100249
239,27.5,10.5,65.0,27.47397,0.2258922,6.206157,10.60116,0.5321771,5.641693,0.9090478
240,27.5,11.0,65.0,27.4721,0.2359837,6.482966,11.09754,0.5303194,5.885242,0.907801
241,27.5,11.5,65.0,27.47059,0.2461885,6.762943,11.59981,0.5285386,6.130947,0.9065501
242,27.5,12.0,65.0,27.46866,0.2565863,7.04808,12.11162,0.5267751,6.380102,0.9052255
243,28.0,8.0,65.0,27.48183,0.1750341,4.810257,8.095183,0.5414315,4.382987,0.9111753
244,28.0,8.5,65.0,27.4802,0.1853152,5.092498,8.60185,0.5395334,4.640985,0.9113377
245,28.0,9.0,65.0,27.47846,0.1952973,5.366469,9.093271,0.5376702,4.889181,0.9110611
246,28.0,9.5,65.0,27.47735,0.2056151,5.649759,9.601841,0.5358668,5.145308,0.9107128
247,28.0,10.0,65.0,27.47556,0.2158002,5.92923,10.10337,0.5340342,5.395547,0.9099911
248,28.0,10.5,65.0,27.47435,0.2259205,6.20702,10.6015,0.5321663,5.64176,0.9089323
249,28.0,11.0,65.0,27.47261,0.2359937,6.483361,11.09766,0.5303299,5.88542,0.907773
250,28.0,11.5,65.0,27.4708,0.2461918,6.763085,11.59973,0.528554,6.131085,0.9065515
251,28.0,12.0,65.0,27.46912,0.2565892,7.048278,12.11158,0.526803,6.380417,0.9052448
252,28.5,8.0,65.0,28.47504,0.1754364,4.995558,8.098546,0.5623892,4.554535,0.9117168
253,28.5,8.5,65.0,28.47331,0.1857303,5.288355,8.605311,0.5604568,4.822906,0.9119859
254,28.5,9.0,65.0,28.47158,0.1956853,5.571469,9.096829,0.5585893,5.081392,0.912038
255,28.5,9.5,65.0,28.47001,0.2060017,5.864871,9.605037,0.5567442,5.347548,0.9117931
256,28.5,10.0,65.0,28.46821,0.2161895,6.154529,10.10648,0.5549088,5.608174,0.9112272
257,28.5,10.5,65.0,28.46698,0.2262963,6.44197,10.60447,0.5530612,5.864922,0.9104236
258,28.5,11.0,65.0,28.46508,0.2363805,6.728589,11.10104,0.5512058,6.118958,0.9093971
259,28.5,11.5,65.0,28.4637,0.2465598,7.018006,11.60284,0.5494029,6.374632,0.9083252
260,28.5,12.0,65.0,28.46187,0.2569529,7.313359,12.1148,0.5476508,6.634679,0.9072
261,29.0,8.0,65.0,28.47516,0.1754388,4.995647,8.098665,0.5623571,4.554342,0.911662
262,29.0,8.5,65.0,28.47355,0.1857172,5.288029,8.605589,0.5604492,4.822996,0.9120592
263,29.0,9.0,65.0,28.47239,0.1956868,5.571671,9.096682,0.5585936,5.081348,0.9119971
264,29.0,9.5,65.0,28.47014,0.2060091,5.865108,9.605321,0.5567405,5.347671,0.911777
265,29.0,10.0,65.0,28.46862,0.2161885,6.154591,10.10666,0.5549137,5.608324,0.9112424
266,29.0,10.5,65.0,28.46699,0.2263013,6.442116,10.60459,0.5530556,5.864926,0.9104037
267,29.0,11.0,65.0,28.46512,0.2363892,6.728845,11.10114,0.5512063,6.119017,0.9093711
268,29.0,11.5,65.0,28.46325,0.2465774,7.018395,11.6031,0.5493994,6.374735,0.9082897
269,29.0,12.0,65.0,28.46166,0.2569772,7.313998,12.1149,0.5476468,6.634688,0.907122
270,29.5,8.0,65.0,29.46716,0.1758495,5.181784,8.102044,0.5832633,4.725625,0.9119686
271,29.5,8.5,65.0,29.46572,0.1861423,5.484817,8.609187,0.5813191,5.004685,0.9124617
272,29.5,9.0,65.0,29.46396,0.1960955,5.77775,9.100396,0.5794513,5.273237,0.9126799
273,29.5,9.5,65.0,29.46247,0.206394,6.080876,9.608674,0.5776134,5.550098,0.9127135
274,29.5,10.0,65.0,29.4612,0.2165739,6.380528,10.11018,0.5757665,5.8211,0.9123226
275,29.5,10.5,65.0,29.45958,0.2266742,6.677726,10.60801,0.5739187,6.088137,0.9117082
276,29.5,11.0,65.0,29.45772,0.236786,6.975177,11.10479,0.5720607,6.352614,0.9107459
277,29.5,11.5,65.0,29.45573,0.2469624,7.274457,11.60633,0.5702631,6.618662,0.9098496
278,29.5,12.0,65.0,29.4542,0.2573656,7.580497,12.11822,0.5685007,6.889218,0.9088082
279,30.0,8.0,65.0,29.46814,0.1758596,5.182254,8.101895,0.5832905,4.725759,0.9119117
280,30.0,8.5,65.0,29.46614,0.186136,5.484708,8.609039,0.58131,5.00452,0.9124497
281,30.0,9.0,65.0,29.46459,0.196104,5.778123,9.100405,0.5794789,5.273492,0.9126652
282,30.0,9.5,65.0,29.46266,0.2064057,6.08126,9.608431,0.5776126,5.549951,0.9126317
283,30.0,10.0,65.0,29.46095,0.2165868,6.380853,10.10973,0.575775,5.820931,0.9122497
284,30.0,10.5,65.0,29.4593,0.2266919,6.678184,10.60757,0.5739339,6.088046,0.9116319
285,30.0,11.0,65.0,29.45772,0.2367865,6.97519,11.10477,0.5720729,6.352738,0.910762
286,30.0,11.5,65.0,29.45631,0.2469521,7.274296,11.606,0.5702875,6.618758,0.9098828
287,30.0,12.0,65.0,29.45436,0.2573528,7.580161,12.1182,0.5685107,6.889327,0.9088629
288,30.5,8.0,65.0,30.47633,0.1762718,5.372115,8.105124,0.6045349,4.899831,0.912086
289,30.5,8.5,65.0,30.47423,0.1865482,5.684914,8.612413,0.6025706,5.189587,0.9128699
290,30.5,9.0,65.0,30.47307,0.1965214,5.988611,9.103763,0.6006956,5.46859,0.913165
291,30.5,9.5,65.0,30.47116,0.2068237,6.302157,9.611664,0.5988379,5.755829,0.9133108
292,30.5,10.0,65.0,30.46962,0.2169895,6.611586,10.11332,0.5969919,6.03757,0.9131804
293,30.5,10.5,65.0,30.46856,0.2270936,6.919216,10.6111,0.5951365,6.315055,0.9126835
294,30.5,11.0,65.0,30.46604,0.237196,7.226422,11.10844,0.5932741,6.59035,0.9119797
295,30.5,11.5,65.0,30.46436,0.2473522,7.535427,11.60948,0.5914686,6.866642,0.9112479
296,30.5,12.0,65.0,30.46269,0.2577516,7.851809,12.12153,0.589708,7.148161,0.9103841
297,31.0,8.0,65.0,30.47606,0.1762664,5.371905,8.105407,0.6045594,4.900199,0.9121903
298,31.0,8.5,65.0,30.47455,0.1865628,5.685418,8.612711,0.6025878,5.189914,0.9128466
299,31.0,9.0,65.0,30.47233,0.1965232,5.988519,9.10394,0.600712,5.468846,0.9132217
300,31.0,9.5,65.0,30.47101,0.2068062,6.301592,9.611519,0.5988342,5.755706,0.9133733
301,31.0,10.0,65.0,30.46951,0.2169886,6.611537,10.11337,0.5969989,6.037671,0.9132023
302,31.0,10.5,65.0,30.46802,0.2270832,6.918777,10.61104,0.595136,6.315009,0.9127349
303,31.0,11.0,65.0,30.46643,0.2371949,7.226481,11.10826,0.593282,6.590329,0.9119692
304,31.0,11.5,65.0,30.46511,0.2473481,7.535488,11.60922,0.5915015,6.866873,0.9112712
305,31.0,12.0,65.0,30.46378,0.2577538,7.852155,12.12135,0.5897219,7.148225,0.910352
306,31.5,8.0,65.0,31.46967,0.1766817,5.560113,8.10849,0.6254677,5.071598,0.9121394
307,31.5,8.5,65.0,31.46744,0.1869716,5.883517,8.616102,0.6234902,5.372055,0.9130687
308,31.5,9.0,65.0,31.46592,0.1969225,6.196348,9.107587,0.6216093,5.66136,0.9136608
309,31.5,9.5,65.0,31.46464,0.2072267,6.520313,9.614903,0.6197207,5.958555,0.9138448
310,31.5,10.0,65.0,31.46299,0.2173973,6.839968,10.11653,0.6178895,6.250896,0.913878
311,31.5,10.5,65.0,31.46156,0.227495,7.157347,10.61425,0.6160113,6.538498,0.9135366
312,31.5,11.0,65.0,31.4599,0.2376005,7.47489,11.11194,0.6141658,6.824574,0.913
313,31.5,11.5,65.0,31.45821,0.2477577,7.794015,11.61264,0.6123542,7.111048,0.9123728
314,31.5,12.0,65.0,31.45573,0.258167,8.120832,12.12499,0.6105688,7.403143,0.9116237
315,32.0,8.0,65.0,31.46863,0.1766855,5.560052,8.108693,0.6254573,5.071642,0.9121572
316,32.0,8.5,65.0,31.4672,0.1869789,5.883702,8.616157,0.6234778,5.371983,0.9130277
317,32.0,9.0,65.0,31.46546,0.1969405,6.196824,9.107721,0.6215782,5.661161,0.9135585
318,32.0,9.5,65.0,31.46352,0.2072185,6.519823,9.615091,0.6197145,5.958611,0.9139223
319,32.0,10.0,65.0,31.46161,0.217397,6.839658,10.11673,0.6178597,6.250718,0.9138933
320,32.0,10.5,65.0,31.45986,0.2275096,7.157421,10.61443,0.6159943,6.538429,0.9135175
321,32.0,11.0,65.0,31.45869,0.2376154,7.475068,11.11195,0.6141512,6.824415,0.9129569
322,32.0,11.5,65.0,31.45711,0.247783,7.794535,11.61281,0.6123378,7.110962,0.9123011
323,32.0,12.0,65.0,31.45539,0.2581661,8.120717,12.12494,0.6105484,7.402865,0.9116024
324,32.5,8.0,65.0,32.48077,0.1763386,5.727613,8.073075,0.6490341,5.239701,0.914814
325,32.5,8.5,65.0,32.4794,0.1866243,6.061445,8.581004,0.6470553,5.552384,0.9160167
326,32.5,9.0,65.0,32.47734,0.1966035,6.385159,9.072812,0.6451222,5.853072,0.9166682
327,32.5,9.5,65.0,32.47531,0.2068807,6.718516,9.579841,0.6431828,6.161588,0.9171056
328,32.5,10.0,65.0,32.47338,0.2170429,7.048118,10.08172,0.6412844,6.465249,0.9173015
329,32.5,10.5,65.0,32.47215,0.2271476,7.375973,10.5793,0.6394917,6.765378,0.9172184
330,32.5,11.0,65.0,32.47065,0.2372605,7.704002,11.07769,0.6375771,7.062881,0.9167809
331,32.5,11.5,65.0,32.46927,0.2474166,8.033435,11.5781,0.6357673,7.360976,0.9162924
332,32.5,12.0,65.0,32.46774,0.2578132,8.370609,12.09049,0.6340163,7.66557,0.9157721
333,33.0,8.0,65.0,32.48144,0.1763382,5.727719,8.073141,0.6489952,5.23943,0.9147499
334,33.0,8.5,65.0,32.47964,0.1866283,6.061619,8.580953,0.647031,5.552143,0.9159504
335,33.0,9.0,65.0,32.47737,0.1965962,6.384928,9.073027,0.6452034,5.853947,0.9168384
336,33.0,9.5,65.0,32.47571,0.2068564,6.717807,9.579808,0.6431699,6.161444,0.9171809
337,33.0,10.0,65.0,32.47393,0.2170434,7.048254,10.08155,0.6413261,6.46556,0.917328
338,33.0,10.5,65.0,32.47229,0.227145,7.37592,10.57941,0.6394501,6.765005,0.9171744
339,33.0,11.0,65.0,32.4703,0.2372487,7.703537,11.07778,0.6375871,7.063053,0.9168585
340,33.0,11.5,65.0,32.46925,0.2474027,8.032981,11.57792,0.6358038,7.361287,0.916383
341,33.0,12.0,65.0,32.46761,0.2578012,8.370189,12.09038,0.6340238,7.66559,0.9158205
342,33.5,8.0,65.0,33.47323,0.1767453,5.916237,8.075178,0.6698605,5.409243,0.9143046
343,33.5,8.5,65.0,33.47182,0.1870283,6.260178,8.583318,0.6679442,5.733177,0.915817
344,33.5,9.0,65.0,33.46987,0.1970006,6.593584,9.075671,0.6659358,6.043814,0.9166205
345,33.5,9.5,65.0,33.46811,0.2072715,6.936985,9.582012,0.6640964,6.363379,0.917312
346,33.5,10.0,65.0,33.46578,0.2174346,7.276618,10.08381,0.6622517,6.678022,0.917737
347,33.5,10.5,65.0,33.46431,0.2275292,7.614106,10.58135,0.6603524,6.987422,0.9176944
348,33.5,11.0,65.0,33.46275,0.2376504,7.952434,11.08002,0.6584814,7.295985,0.9174532
349,33.5,11.5,65.0,33.4608,0.2477878,8.29118,11.57996,0.6566608,7.604109,0.9171323
350,33.5,12.0,65.0,33.45909,0.258184,8.6386,12.09247,0.6549351,7.919786,0.9167904
351,34.0,8.0,65.0,33.47244,0.1767334,5.915699,8.075267,0.6700016,5.410441,0.9145904
352,34.0,8.5,65.0,33.47091,0.1870172,6.259638,8.583344,0.6679691,5.733409,0.915933
353,34.0,9.0,65.0,33.46943,0.1969961,6.593346,9.07551,0.6659871,6.044173,0.916708
354,34.0,9.5,65.0,33.46789,0.207246,6.936086,9.581958,0.6641936,6.364275,0.9175599
355,34.0,10.0,65.0,33.46602,0.2174212,7.276222,10.08387,0.662256,6.678103,0.9177982
356,34.0,10.5,65.0,33.46459,0.2275219,7.613927,10.58139,0.6602802,6.986681,0.9176185
357,34.0,11.0,65.0,33.46234,0.23763,7.951655,11.07983,0.6584718,7.295756,0.9175141
358,34.0,11.5,65.0,33.46077,0.2477795,8.290892,11.58004,0.6566529,7.604068,0.9171593
359,34.0,12.0,65.0,33.45927,0.2581846,8.638669,12.09258,0.6548486,7.918806,0.9166697
360,34.5,8.0,65.0,34.48383,0.1771209,6.107806,8.077522,0.6911417,5.582712,0.9140291
361,34.5,8.5,65.0,34.48259,0.1874029,6.46214,8.58568,0.6891664,5.916962,0.9156351
362,34.5,9.0,65.0,34.48098,0.1973781,6.805791,9.078276,0.687336,6.239825,0.9168406
363,34.5,9.5,65.0,34.47929,0.2076251,7.158766,9.584278,0.6854277,6.569329,0.9176623
364,34.5,10.0,65.0,34.47812,0.2177972,7.509237,10.08617,0.6835008,6.893904,0.9180565
365,34.5,10.5,65.0,34.47646,0.2278876,7.856756,10.58344,0.6816481,7.214182,0.9182138
366,34.5,11.0,65.0,34.4745,0.2380165,8.205501,11.08248,0.6798169,7.534058,0.9181716
367,34.5,11.5,65.0,34.47256,0.2481427,8.554115,11.58217,0.6779877,7.85257,0.9179874
368,34.5,12.0,65.0,34.47081,0.2585303,8.911749,12.09489,0.6761705,8.178209,0.9176885
369,35.0,8.0,65.0,34.4844,0.1771243,6.108026,8.077596,0.6913015,5.584054,0.9142157
370,35.0,8.5,65.0,34.4833,0.1874,6.462171,8.585809,0.6891802,5.91717,0.9156628
371,35.0,9.0,65.0,34.48139,0.197373,6.805697,9.078269,0.6872836,6.239346,0.9167828
372,35.0,9.5,65.0,34.47928,0.2076327,7.159024,9.584044,0.6853392,6.568321,0.9174883
373,35.0,10.0,65.0,34.47791,0.2178055,7.50948,10.08613,0.6835184,6.894058,0.9180473
374,35.0,10.5,65.0,34.47622,0.2278844,7.856594,10.58358,0.6816337,7.214122,0.9182252
375,35.0,11.0,65.0,34.47474,0.2379985,8.204936,11.08254,0.6798345,7.534291,0.9182633
376,35.0,11.5,65.0,34.47261,0.2481271,8.553589,11.58217,0.6780075,7.852798,0.9180706
377,35.0,12.0,65.0,34.47108,0.2585238,8.911592,12.09486,0.6761289,8.177686,0.9176458
378,25.0,8.0,70.0,24.93382,0.1800014,4.488123,8.089027,0.5028655,4.067693,0.9063238
379,25.0,8.5,70.0,24.92863,0.1906336,4.752235,8.594777,0.5010447,4.306367,0.9061773
380,25.0,9.0,70.0,24.92673,0.2009841,5.009876,9.086721,0.499265,4.536682,0.9055477
381,25.0,9.5,70.0,24.92515,0.211687,5.27633,9.595591,0.4975539,4.774323,0.9048567
382,25.0,10.0,70.0,24.92387,0.2222236,5.53867,10.09696,0.4957615,5.005682,0.9037697
383,25.0,10.5,70.0,24.92183,0.2327114,5.799592,10.59519,0.4939728,5.233738,0.9024321
384,25.0,11.0,70.0,24.92038,0.2431475,6.059329,11.09135,0.4921597,5.458714,0.9008777
385,25.0,11.5,70.0,24.91894,0.253718,6.322383,11.59384,0.4904423,5.686111,0.8993621
386,25.0,12.0,70.0,24.91714,0.2644933,6.590416,12.10572,0.4887324,5.916457,0.8977365
387,25.5,8.0,70.0,24.93061,0.1800079,4.487706,8.089312,0.5028657,4.067837,0.9064401
388,25.5,8.5,70.0,24.92935,0.1906366,4.752446,8.595031,0.5010775,4.306777,0.9062231
389,25.5,9.0,70.0,24.92735,0.2009741,5.009752,9.08663,0.4993023,4.536975,0.9056287
390,25.5,9.5,70.0,24.92593,0.21168,5.276321,9.595627,0.4975502,4.774306,0.904855
391,25.5,10.0,70.0,24.924,0.2222295,5.538848,10.09719,0.4957686,5.005868,0.9037742
392,25.5,10.5,70.0,24.92254,0.2327136,5.799814,10.59487,0.4939898,5.233756,0.9024007
393,25.5,11.0,70.0,24.92053,0.2431462,6.059331,11.09106,0.4921758,5.458754,0.9008839
394,25.5,11.5,70.0,24.91888,0.2537139,6.322267,11.59361,0.4904231,5.685775,0.8993254
395,25.5,12.0,70.0,24.91691,0.2644775,6.589962,12.10531,0.4887286,5.916209,0.8977606
396,26.0,8.0,70.0,25.96926,0.1804227,4.685446,8.09261,0.5253184,4.251197,0.9073198
397,26.0,8.5,70.0,25.96709,0.1910561,4.961172,8.598718,0.5234623,4.501104,0.9072664
398,26.0,9.0,70.0,25.96565,0.2013935,5.229314,9.090302,0.5217233,4.742622,0.9069301
399,26.0,9.5,70.0,25.96385,0.2121031,5.507013,9.59922,0.5199652,4.991261,0.9063463
400,26.0,10.0,70.0,25.96284,0.2226496,5.780614,10.10061,0.5181788,5.233921,0.9054264
401,26.0,10.5,70.0,25.96082,0.2331304,6.052257,10.5985,0.516399,5.473053,0.9042997
402,26.0,11.0,70.0,25.95871,0.2435625,6.322568,11.0947,0.5145765,5.709071,0.9029672
403,26.0,11.5,70.0,25.95743,0.2541401,6.596825,11.59709,0.5128489,5.947555,0.9015785
404,26.0,12.0,70.0,25.95577,0.264902,6.875735,12.10884,0.5111562,6.189509,0.9001961
405,26.5,8.0,70.0,25.96943,0.1804307,4.685682,8.092469,0.5253145,4.251091,0.9072514
406,26.5,8.5,70.0,25.96761,0.1910692,4.96161,8.598871,0.5234869,4.501396,0.907245
407,26.5,9.0,70.0,25.966,0.2014047,5.229674,9.0904,0.5217301,4.742735,0.9068892
408,26.5,9.5,70.0,25.96429,0.2121022,5.507084,9.599242,0.5199838,4.99145,0.9063689
409,26.5,10.0,70.0,25.96237,0.2226443,5.780375,10.10062,0.518175,5.23389,0.9054584
410,26.5,10.5,70.0,25.96091,0.233114,6.051852,10.5987,0.5163988,5.473154,0.9043768
411,26.5,11.0,70.0,25.95905,0.2435554,6.322467,11.09484,0.5146003,5.70941,0.9030352
412,26.5,11.5,70.0,25.95746,0.2541197,6.596302,11.59711,0.5128683,5.947789,0.9016855
413,26.5,12.0,70.0,25.95549,0.2648913,6.875384,12.10906,0.511158,6.189641,0.9002612
414,27.0,8.0,70.0,26.96751,0.180846,4.876966,8.096186,0.5467675,4.426731,0.9076815
415,27.0,8.5,70.0,26.96717,0.1915019,5.164264,8.602963,0.5449495,4.68818,0.9078118
416,27.0,9.0,70.0,26.96504,0.2018097,5.441807,9.0941,0.5431508,4.939467,0.9076889
417,27.0,9.5,70.0,26.96376,0.2125107,5.730088,9.602872,0.5414012,5.199007,0.9073171
418,27.0,10.0,70.0,26.96138,0.22307,6.014275,10.10435,0.5396189,5.452497,0.9065926
419,27.0,10.5,70.0,26.95981,0.2335478,6.296405,10.60238,0.5378183,5.702155,0.9056206
420,27.0,11.0,70.0,26.95768,0.2439864,6.577307,11.09882,0.5360264,5.949258,0.9045128
421,27.0,11.5,70.0,26.95643,0.2545372,6.861414,11.60083,0.534298,6.198301,0.9033563
422,27.0,12.0,70.0,26.9542,0.2653014,7.150988,12.11258,0.5325866,6.450997,0.9021127
423,27.5,8.0,70.0,26.9675,0.1808536,4.877169,8.09606,0.5467888,4.426835,0.9076648
424,27.5,8.5,70.0,26.96589,0.1914912,5.163732,8.602668,0.5449623,4.688129,0.9078956
425,27.5,9.0,70.0,26.9642,0.2018323,5.442247,9.094156,0.5431678,4.939652,0.9076495
426,27.5,9.5,70.0,26.96218,0.2125308,5.730295,9.602736,0.541414,5.199055,0.9072927
427,27.5,10.0,70.0,26.96041,0.2230738,6.01416,10.10415,0.5396188,5.452388,0.9065917
428,27.5,10.5,70.0,26.95861,0.2335503,6.296191,10.60224,0.5378461,5.702373,0.9056862
429,27.5,11.0,70.0,26.95665,0.2439846,6.577006,11.09861,0.5360247,5.949128,0.9045343
430,27.5,11.5,70.0,26.955,0.2545411,6.861157,11.60056,0.5342805,6.197951,0.9033391
431,27.5,12.0,70.0,26.95357,0.2653008,7.150804,12.11236,0.5325757,6.45075,0.9021014
432,28.0,8.0,70.0,27.97783,0.1812801,5.071823,8.099347,0.5686294,4.605527,0.9080616
433,28.0,8.5,70.0,27.97589,0.1919296,5.369403,8.606264,0.5667961,4.877996,0.9084802
434,28.0,9.0,70.0,27.97412,0.202253,5.65785,9.097663,0.565003,5.140207,0.9085088
435,28.0,9.5,70.0,27.97255,0.2129339,5.956305,9.606239,0.5632412,5.41063,0.9083869
436,28.0,10.0,70.0,27.96997,0.2234796,6.250718,10.10756,0.5614504,5.674895,0.907879
437,28.0,10.5,70.0,27.9688,0.2339429,6.543102,10.60554,0.5596736,5.935641,0.90716
438,28.0,11.0,70.0,27.96717,0.2443864,6.834796,11.10233,0.5578581,6.193527,0.9061758
439,28.0,11.5,70.0,27.9653,0.2549461,7.129645,11.60395,0.5561296,6.453302,0.9051364
440,28.0,12.0,70.0,27.96339,0.265717,7.430346,12.1159,0.5544103,6.717182,0.9040201
441,28.5,8.0,70.0,27.97764,0.1812737,5.071611,8.099597,0.5686305,4.605678,0.9081292
442,28.5,8.5,70.0,27.97536,0.1919263,5.369209,8.606574,0.5667869,4.878094,0.9085312
443,28.5,9.0,70.0,27.97319,0.2022358,5.65718,9.097754,0.5650042,5.14027,0.9086276
444,28.5,9.5,70.0,27.97232,0.2129319,5.956199,9.60613,0.5632571,5.410721,0.9084184
445,28.5,10.0,70.0,27.97011,0.2234677,6.250418,10.10776,0.5614673,5.675177,0.9079676
446,28.5,10.5,70.0,27.96818,0.2339463,6.543052,10.60564,0.5596444,5.935389,0.9071285
447,28.5,11.0,70.0,27.9665,0.2443836,6.834555,11.10229,0.5578648,6.193576,0.906215
448,28.5,11.5,70.0,27.96528,0.2549453,7.129617,11.60402,0.556127,6.45331,0.9051412
449,28.5,12.0,70.0,27.96365,0.2657197,7.430492,12.11605,0.5544237,6.717425,0.9040351
450,29.0,8.0,70.0,28.97111,0.1816942,5.263883,8.102942,0.5901164,4.781679,0.9083939
451,29.0,8.5,70.0,28.96897,0.1923471,5.572097,8.610256,0.5882462,5.064951,0.9089846
452,29.0,9.0,70.0,28.9683,0.2026704,5.871019,9.101718,0.5864894,5.338061,0.9092223
453,29.0,9.5,70.0,28.96584,0.2133504,6.179872,9.609604,0.5847166,5.618895,0.9092251
454,29.0,10.0,70.0,28.96448,0.223878,6.484509,10.11106,0.5829222,5.89396,0.9089292
455,29.0,10.5,70.0,28.96276,0.2343508,6.787445,10.60893,0.5811418,6.165295,0.9083381
456,29.0,11.0,70.0,28.96146,0.2448067,7.089957,11.10615,0.5793393,6.434231,0.9075134
457,29.0,11.5,70.0,28.959,0.2553507,7.394702,11.60747,0.5776025,6.704506,0.9066634
458,29.0,12.0,70.0,28.95825,0.2661029,7.705873,12.11927,0.5758639,6.979051,0.9056795
459,29.5,8.0,70.0,28.97166,0.1816698,5.263275,8.102564,0.5901464,4.781699,0.9085026
460,29.5,8.5,70.0,28.97032,0.1923516,5.572486,8.610145,0.5882891,5.065255,0.9089757
461,29.5,9.0,70.0,28.96804,0.2026669,5.870862,9.101542,0.58651,5.338145,0.9092609
462,29.5,9.5,70.0,28.96558,0.2133467,6.179711,9.609479,0.584703,5.618691,0.9092157
463,29.5,10.0,70.0,28.96397,0.2238902,6.484748,10.11109,0.5829312,5.894068,0.9089124
464,29.5,10.5,70.0,28.96203,0.2343464,6.787149,10.60909,0.5811244,6.1652,0.9083638
465,29.5,11.0,70.0,28.96148,0.2448024,7.08984,11.10599,0.5793491,6.434246,0.9075304
466,29.5,11.5,70.0,28.95901,0.2553556,7.394844,11.60721,0.5776066,6.7044,0.9066317
467,29.5,12.0,70.0,28.95772,0.2661168,7.706135,12.11929,0.5758693,6.979127,0.9056585
468,30.0,8.0,70.0,29.98249,0.1821144,5.460244,8.106138,0.6119963,4.960927,0.908554
469,30.0,8.5,70.0,29.98087,0.1927785,5.779665,8.61376,0.6101356,5.255561,0.9093193
470,30.0,9.0,70.0,29.97952,0.2031097,6.089131,9.105397,0.6083669,5.539423,0.909723
471,30.0,9.5,70.0,29.97763,0.213777,6.408527,9.612829,0.6065611,5.830769,0.9098453
472,30.0,10.0,70.0,29.97653,0.2243174,6.724257,10.11446,0.6048036,6.117262,0.9097305
473,30.0,10.5,70.0,29.97438,0.2347728,7.037169,10.61235,0.6030083,6.399334,0.909362
474,30.0,11.0,70.0,29.97272,0.2452358,7.350382,11.10982,0.6012083,6.679318,0.9087036
475,30.0,11.5,70.0,29.97166,0.2557679,7.66579,11.61091,0.5994433,6.960082,0.9079406
476,30.0,12.0,70.0,29.96916,0.2665388,7.987946,12.12297,0.5977131,7.246059,0.9071243
477,30.5,8.0,70.0,29.98326,0.1821146,5.460391,8.106532,0.6119837,4.961065,0.908555
478,30.5,8.5,70.0,29.98142,0.192791,5.780149,8.614074,0.6101613,5.255974,0.9093147
479,30.5,9.0,70.0,29.98009,0.2031014,6.088998,9.105508,0.608361,5.539436,0.9097451
480,30.5,9.5,70.0,29.97824,0.213779,6.408718,9.613167,0.6065654,5.831014,0.9098566
481,30.5,10.0,70.0,29.97633,0.2243146,6.724127,10.11434,0.6047857,6.117005,0.90971
482,30.5,10.5,70.0,29.97495,0.2347752,7.037374,10.61217,0.6030263,6.399417,0.9093474
483,30.5,11.0,70.0,29.97361,0.2452307,7.350449,11.1095,0.6012067,6.679108,0.9086667
484,30.5,11.5,70.0,29.97148,0.2557674,7.665729,11.61074,0.599461,6.960184,0.9079611
485,30.5,12.0,70.0,29.96986,0.2665286,7.987825,12.12282,0.5977401,7.246295,0.9071675
486,31.0,8.0,70.0,30.97174,0.1825448,5.653729,8.109699,0.6333681,5.136425,0.908502
487,31.0,8.5,70.0,30.96976,0.1931968,5.983257,8.61739,0.6315321,5.442158,0.9095644
488,31.0,9.0,70.0,30.96864,0.2035247,6.302884,9.109216,0.6297306,5.736352,0.9101154
489,31.0,9.5,70.0,30.96666,0.2141789,6.632404,9.616259,0.6279387,6.038422,0.9104424
490,31.0,10.0,70.0,30.96515,0.2247288,6.958761,10.11791,0.6261529,6.335361,0.9104152
491,31.0,10.5,70.0,30.96303,0.23519,7.282194,10.6156,0.6243472,6.627823,0.9101409
492,31.0,11.0,70.0,30.96132,0.2456591,7.605928,11.11335,0.6225548,6.918667,0.9096413
493,31.0,11.5,70.0,30.95952,0.2561745,7.93104,11.61402,0.6207899,7.209867,0.9090695
494,31.0,12.0,70.0,30.95812,0.2669362,8.263844,12.12615,0.6190918,7.5072,0.9084391
495,31.5,8.0,70.0,30.97166,0.1825418,5.653622,8.109935,0.6333787,5.13666,0.9085609
496,31.5,8.5,70.0,30.96991,0.1931832,5.982867,8.617757,0.6315295,5.442368,0.9096588
497,31.5,9.0,70.0,30.96804,0.2035186,6.302572,9.109374,0.6297318,5.736462,0.9101779
498,31.5,9.5,70.0,30.96641,0.2141868,6.632597,9.616533,0.6279501,6.038703,0.9104583
499,31.5,10.0,70.0,30.9642,0.2247287,6.958546,10.11828,0.626147,6.335533,0.9104679
500,31.5,10.5,70.0,30.9624,0.2351846,7.281881,10.61586,0.624356,6.628073,0.9102144
501,31.5,11.0,70.0,30.96084,0.2456557,7.605707,11.11349,0.6225508,6.918709,0.9096733
502,31.5,11.5,70.0,30.95901,0.2561655,7.930632,11.61398,0.6207927,7.209877,0.9091176
503,31.5,12.0,70.0,30.95701,0.2669434,8.263769,12.12633,0.6190525,7.506836,0.9084035
504,32.0,8.0,70.0,31.96373,0.182141,5.821907,8.073983,0.6569918,5.304541,0.9111347
505,32.0,8.5,70.0,31.96125,0.1928154,6.162622,8.581931,0.6551943,5.622832,0.9124091
506,32.0,9.0,70.0,31.96005,0.2031564,6.49289,9.074134,0.6534107,5.929136,0.9131737
507,32.0,9.5,70.0,31.95825,0.2137804,6.832048,9.580752,0.6516529,6.243325,0.9138292
508,32.0,10.0,70.0,31.95689,0.2243365,7.169096,10.08251,0.649799,6.551605,0.9138676
509,32.0,10.5,70.0,31.95527,0.2347891,7.502749,10.58017,0.6480115,6.856069,0.9138076
510,32.0,11.0,70.0,31.95334,0.2452782,7.837457,11.07852,0.64622,7.15916,0.9134545
511,32.0,11.5,70.0,31.95169,0.2557745,8.172425,11.57882,0.6444261,7.461695,0.9130331
512,32.0,12.0,70.0,31.95028,0.2665605,8.516682,12.09155,0.6427379,7.771697,0.9125264
513,32.5,8.0,70.0,31.96401,0.182144,5.822054,8.074078,0.6570303,5.304914,0.9111757
514,32.5,8.5,70.0,31.96203,0.1928205,6.162936,8.582094,0.6552066,5.623044,0.9123971
515,32.5,9.0,70.0,31.96112,0.2031395,6.492565,9.073812,0.6534607,5.929379,0.9132568
516,32.5,9.5,70.0,31.95895,0.2137896,6.832493,9.580629,0.6515098,6.241874,0.9135573
517,32.5,10.0,70.0,31.9573,0.2243254,7.168837,10.08259,0.6498058,6.551725,0.9139174
518,32.5,10.5,70.0,31.9557,0.2348025,7.503276,10.58025,0.6479686,6.855667,0.9136898
519,32.5,11.0,70.0,31.95406,0.2452668,7.83727,11.07854,0.6461885,7.158828,0.9134338
520,32.5,11.5,70.0,31.95197,0.2557805,8.172692,11.57883,0.6444409,7.461873,0.9130251
521,32.5,12.0,70.0,31.95004,0.2665459,8.51615,12.09142,0.6426947,7.771094,0.9125125
522,33.0,8.0,70.0,32.97562,0.1825517,6.019754,8.076206,0.6789039,5.482968,0.9108292
523,33.0,8.5,70.0,32.97395,0.1932246,6.371379,8.584343,0.676949,5.811162,0.9120728
524,33.0,9.0,70.0,32.97197,0.2035515,6.711493,9.0767,0.6752642,6.12917,0.9132351
525,33.0,9.5,70.0,32.97052,0.2141965,7.062171,9.583006,0.6734974,6.454129,0.9139016
526,33.0,10.0,70.0,32.96824,0.2247321,7.409023,10.08499,0.6716696,6.773778,0.9142606
527,33.0,10.5,70.0,32.96705,0.2351879,7.753449,10.58245,0.6699012,7.089198,0.9143282
528,33.0,11.0,70.0,32.96544,0.2456666,8.098506,11.08117,0.6681325,7.403692,0.9142046
529,33.0,11.5,70.0,32.96366,0.2561868,8.444854,11.58118,0.6663319,7.716911,0.9138005
530,33.0,12.0,70.0,32.96154,0.2669456,8.798937,12.09371,0.6644763,8.035985,0.9132904
531,33.5,8.0,70.0,32.97561,0.1825716,6.020411,8.076288,0.6790316,5.484055,0.9109105
532,33.5,8.5,70.0,32.9738,0.1932374,6.371771,8.584538,0.6770384,5.812061,0.9121579
533,33.5,9.0,70.0,32.97237,0.2035749,6.712348,9.077018,0.6753218,6.129908,0.9132286
534,33.5,9.5,70.0,32.96988,0.2141988,7.062109,9.583118,0.6734756,6.453996,0.9138907
535,33.5,10.0,70.0,32.96903,0.2247457,7.409646,10.08505,0.6716188,6.773312,0.9141209
536,33.5,10.5,70.0,32.96715,0.2351954,7.753721,10.58243,0.6698956,7.089126,0.914287
537,33.5,11.0,70.0,32.96489,0.2456817,8.098871,11.08116,0.6680353,7.402604,0.914029
538,33.5,11.5,70.0,32.96402,0.2561904,8.445065,11.58101,0.6662878,7.716287,0.9137036
539,33.5,12.0,70.0,32.96169,0.2669434,8.798905,12.09358,0.6644956,8.036128,0.91331
540,34.0,8.0,70.0,33.96966,0.182969,6.215395,8.07843,0.7003873,5.65803,0.910325
541,34.0,8.5,70.0,33.9676,0.1936188,6.576764,8.586433,0.6985326,5.997904,0.911984
542,34.0,9.0,70.0,33.96668,0.2039639,6.927976,9.079472,0.6967642,6.326251,0.9131457
543,34.0,9.5,70.0,33.96431,0.2145658,7.28758,9.58506,0.6949847,6.66147,0.9140853
544,34.0,10.0,70.0,33.96237,0.2251106,7.645289,10.08698,0.6932347,6.992641,0.9146339
545,34.0,10.5,70.0,33.9611,0.235564,8.000012,10.58434,0.6913769,7.317768,0.9147195
546,34.0,11.0,70.0,33.95919,0.2460378,8.355245,11.08354,0.6895332,7.64247,0.9146913
547,34.0,11.5,70.0,33.95805,0.2565248,8.711081,11.58308,0.6877964,7.966798,0.9145591
548,34.0,12.0,70.0,33.95587,0.2672971,9.076305,12.09572,0.6861444,8.299409,0.9144039
549,34.5,8.0,70.0,33.96936,0.1829015,6.213045,8.078074,0.7006999,5.660306,0.9110357
550,34.5,8.5,70.0,33.96774,0.1935637,6.574923,8.58621,0.6987628,5.999724,0.9125164
551,34.5,9.0,70.0,33.96634,0.2039181,6.926353,9.079263,0.696986,6.328119,0.9136294
552,34.5,9.5,70.0,33.96455,0.214532,7.286481,9.584995,0.6950914,6.662448,0.9143574
553,34.5,10.0,70.0,33.9632,0.2250487,7.643373,10.0871,0.6932721,6.993108,0.9149243
554,34.5,10.5,70.0,33.96122,0.2354975,7.997781,10.58414,0.6913865,7.317734,0.9149705
555,34.5,11.0,70.0,33.95945,0.2459895,8.353668,11.08335,0.6896041,7.643126,0.9149426
556,34.5,11.5,70.0,33.9578,0.2564927,8.709929,11.5831,0.6878287,7.967188,0.9147249
557,34.5,12.0,70.0,33.9563,0.2672593,9.075136,12.09599,0.6860814,8.298833,0.9144582
558,35.0,8.0,70.0,34.98192,0.1832775,6.411401,8.080599,0.7224371,5.837725,0.9105225
559,35.0,8.5,70.0,34.97985,0.1939442,6.78414,8.58877,0.720594,6.189016,0.9122772
560,35.0,9.0,70.0,34.97869,0.2042997,7.146136,9.082406,0.7188038,6.528468,0.9135662
561,35.0,9.5,70.0,34.97668,0.2149007,7.516513,9.587249,0.7168812,6.872918,0.9143759
562,35.0,10.0,70.0,34.97479,0.2254395,7.884697,10.08921,0.7151566,7.215364,0.9151099
563,35.0,10.5,70.0,34.97307,0.2359009,8.250179,10.58651,0.7132346,7.550668,0.9152127
564,35.0,11.0,70.0,34.97167,0.2463799,8.616318,11.08604,0.7113579,7.886142,0.9152566
565,35.0,11.5,70.0,34.96968,0.2568769,8.982904,11.58539,0.7096133,8.221149,0.9151994
566,35.0,12.0,70.0,34.96793,0.2676524,9.35925,12.09798,0.7079487,8.564749,0.9151106
567,25.0,8.0,75.0,34.98066,0.1882211,6.5841,8.08227,0.7381501,5.965929,0.9061114
568,25.0,8.5,75.0,34.97887,0.1991818,6.967154,8.590557,0.7362938,6.325174,0.9078562
569,25.0,9.0,75.0,34.9771,0.2098371,7.339494,9.084095,0.7345511,6.672732,0.9091543
570,25.0,9.5,75.0,34.97558,0.2207297,7.72015,9.588863,0.7328653,7.027346,0.9102601
571,25.0,10.0,75.0,34.97369,0.2315613,8.098555,10.09104,0.7310666,7.377223,0.9109308
572,25.0,10.5,75.0,34.97187,0.2423046,8.473845,10.5881,0.729306,7.721962,0.9112703
573,25.0,11.0,75.0,34.96964,0.2530893,8.850444,11.08793,0.72745,8.065912,0.9113569
574,25.0,11.5,75.0,34.96802,0.2638737,9.22714,11.58707,0.7257993,8.409886,0.9114294
575,25.0,12.0,75.0,34.96611,0.2749383,9.613521,12.09954,0.7240409,8.760563,0.9112753
576,25.5,8.0,75.0,25.4747,0.1850339,4.713683,8.092736,0.5262703,4.258966,0.9035327
577,25.5,8.5,75.0,25.47341,0.1959632,4.991852,8.599128,0.5244957,4.510206,0.9035136
578,25.5,9.0,75.0,25.47162,0.2065855,5.262067,9.090628,0.5227709,4.752316,0.9031272
579,25.5,9.5,75.0,25.46987,0.2175804,5.541745,9.599398,0.5210736,5.001993,0.9026026
580,25.5,10.0,75.0,25.46811,0.2284004,5.816926,10.1009,0.5193354,5.245756,0.9018089
581,25.5,10.5,75.0,25.46613,0.2391744,6.090847,10.59888,0.517572,5.485683,0.9006437
582,25.5,11.0,75.0,25.46454,0.2498968,6.363509,11.09516,0.5158092,5.722984,0.8993441
583,25.5,11.5,75.0,25.46307,0.2607526,6.63956,11.59744,0.5141024,5.962274,0.8979923
584,25.5,12.0,75.0,25.46121,0.271811,6.920637,12.10933,0.5124217,6.205083,0.8966058
585,26.0,8.0,75.0,25.47555,0.1850202,4.71349,8.092846,0.5262641,4.258975,0.9035714
586,26.0,8.5,75.0,25.47356,0.195974,4.992155,8.59907,0.524491,4.510135,0.9034445
587,26.0,9.0,75.0,25.47167,0.2065778,5.261883,9.090611,0.5227858,4.752442,0.9031829
588,26.0,9.5,75.0,25.47026,0.2175836,5.541911,9.599425,0.5210819,5.002087,0.9025924
589,26.0,10.0,75.0,25.4685,0.2284083,5.817219,10.10101,0.5193412,5.245871,0.9017833
590,26.0,10.5,75.0,25.46686,0.2391733,6.090992,10.59888,0.517573,5.485693,0.9006238
591,26.0,11.0,75.0,25.46493,0.2499022,6.363744,11.0952,0.5158241,5.723169,0.89934
592,26.0,11.5,75.0,25.46355,0.2607543,6.63973,11.59747,0.514115,5.962436,0.8979937
593,26.0,12.0,75.0,25.46137,0.2718227,6.920979,12.10923,0.5124332,6.205172,0.8965743
594,26.5,8.0,75.0,26.46926,0.1854381,4.908408,8.095955,0.5481558,4.437845,0.9041314
595,26.5,8.5,75.0,26.46772,0.1963862,5.197896,8.602637,0.5464073,4.700544,0.9043167
596,26.5,9.0,75.0,26.46549,0.2070106,5.478637,9.093994,0.5446668,4.953197,0.904093
597,26.5,9.5,75.0,26.46363,0.2179975,5.769003,9.602799,0.5429668,5.214001,0.9037958
598,26.5,10.0,75.0,26.46081,0.2288246,6.054883,10.10437,0.5412145,5.468629,0.9031765
599,26.5,10.5,75.0,26.4593,0.239581,6.339147,10.6023,0.5394483,5.719394,0.902234
600,26.5,11.0,75.0,26.45788,0.2503226,6.623004,11.09863,0.5377066,5.967805,0.9010722
601,26.5,11.5,75.0,26.45662,0.2611637,6.909511,11.60086,0.5360053,6.218121,0.8999366
602,26.5,12.0,75.0,26.45461,0.2722244,7.201592,12.11269,0.5343049,6.471872,0.8986723
603,27.0,8.0,75.0,26.46887,0.1854491,4.908629,8.096015,0.5481815,4.438086,0.9041395
604,27.0,8.5,75.0,26.46665,0.1963956,5.197935,8.60267,0.5464027,4.700522,0.9043056
605,27.0,9.0,75.0,26.46533,0.2070185,5.478813,9.094337,0.5446919,4.953612,0.9041396
606,27.0,9.5,75.0,26.46338,0.2180045,5.769137,9.603089,0.5429661,5.214152,0.9038011
607,27.0,10.0,75.0,26.4616,0.2288332,6.055291,10.10452,0.5412248,5.468817,0.9031469
608,27.0,10.5,75.0,26.45988,0.2395895,6.339509,10.60237,0.5394499,5.719449,0.9021911
609,27.0,11.0,75.0,26.45828,0.2503241,6.623146,11.09871,0.5377178,5.967971,0.901078
610,27.0,11.5,75.0,26.45633,0.2611828,6.909938,11.6007,0.5360053,6.218039,0.8998688
611,27.0,12.0,75.0,26.45447,0.2722427,7.202037,12.11265,0.5343059,6.471862,0.8986155
612,27.5,8.0,75.0,27.48036,0.1858744,5.107897,8.099654,0.5704626,4.62055,0.9045895
613,27.5,8.5,75.0,27.47898,0.1968254,5.408562,8.606682,0.5686943,4.894571,0.9049671
614,27.5,9.0,75.0,27.47734,0.2074427,5.699974,9.097956,0.5669733,5.158298,0.9049688
615,27.5,9.5,75.0,27.47559,0.2184228,6.001293,9.606275,0.5652415,5.429864,0.9047824
616,27.5,10.0,75.0,27.47402,0.229267,6.298885,10.1078,0.5635353,5.696102,0.9043033
617,27.5,10.5,75.0,27.47247,0.2400171,6.593862,10.60581,0.5617904,5.958244,0.9036047
618,27.5,11.0,75.0,27.4699,0.250737,6.887719,11.10248,0.5600225,6.217641,0.9027141
619,27.5,11.5,75.0,27.46817,0.2615908,7.185423,11.60419,0.558297,6.478585,0.901629
620,27.5,12.0,75.0,27.46665,0.2726579,7.488999,12.11612,0.5566373,6.744283,0.9005587
621,28.0,8.0,75.0,28.38119,0.001669333,0.04737765,8.002216,0.01903157,0.1522947,3.214485
622,28.0,8.5,75.0,28.38043,0.001607074,0.04560946,8.508954,0.013228,0.1125565,2.467832
623,28.0,9.0,75.0,28.37862,0.001607872,0.0456292,9.006274,0.01266965,0.1141064,2.500731
624,28.0,9.5,75.0,28.37989,0.001608694,0.04565456,9.515926,0.01338419,0.127363,2.789711
625,28.0,10.0,75.0,28.38052,0.001606153,0.04558344,10.01548,0.01208965,0.1210836,2.656308
626,28.0,10.5,75.0,28.37796,0.001612095,0.04574796,10.51329,0.009695928,0.1019361,2.228211
627,28.0,11.0,75.0,28.3779,0.001607933,0.04562975,11.01233,0.007447801,0.08201765,1.79746
628,28.0,11.5,75.0,28.37863,0.00160868,0.04565214,11.51538,0.007143648,0.08226185,1.801927
629,28.0,12.0,75.0,28.38005,0.001606264,0.04558586,12.02203,0.008665366,0.1041753,2.285255
630,28.5,8.0,75.0,29.50071,0.001601539,0.04724653,8.00215,0.01297422,0.1038217,2.197445
631,28.5,8.5,75.0,29.50127,0.001606065,0.04738095,8.509298,0.01278726,0.1088106,2.296505
632,28.5,9.0,75.0,29.50268,0.001606292,0.04738992,9.006263,0.01261728,0.1136345,2.397863
633,28.5,9.5,75.0,29.50001,0.001606293,0.04738568,9.515669,0.01320826,0.1256854,2.652393
634,28.5,10.0,75.0,29.49955,0.00161128,0.04753204,10.0155,0.01206874,0.1208745,2.543011
635,28.5,10.5,75.0,29.50099,0.001602746,0.04728259,10.51311,0.0100139,0.1052772,2.226554
636,28.5,11.0,75.0,29.50245,0.001603498,0.04730712,11.01231,0.00770031,0.08479824,1.792505
637,28.5,11.5,75.0,29.49778,0.00160706,0.0474047,11.51541,0.00700021,0.08061026,1.70047
638,28.5,12.0,75.0,29.50241,0.001608106,0.047443,12.02203,0.008454873,0.1016447,2.142461
639,29.0,8.0,75.0,29.49978,0.001606552,0.04739294,8.002163,0.01292986,0.1034668,2.18317
640,29.0,8.5,75.0,29.50213,0.001606176,0.0473856,8.508961,0.01299674,0.1105887,2.333805
641,29.0,9.0,75.0,29.50256,0.001602084,0.04726557,9.006174,0.0126397,0.1138353,2.408419
642,29.0,9.5,75.0,29.50054,0.001608155,0.04744145,9.51572,0.01362555,0.129657,2.732989
643,29.0,10.0,75.0,29.50168,0.001605226,0.04735687,10.01544,0.01192185,0.1194026,2.521336
644,29.0,10.5,75.0,29.50264,0.001608299,0.04744907,10.51326,0.009937165,0.104472,2.201771
645,29.0,11.0,75.0,29.49929,0.001611662,0.04754288,11.01221,0.00752646,0.08288293,1.74333
646,29.0,11.5,75.0,29.50348,0.001607957,0.04744034,11.51531,0.007094953,0.08170061,1.722176
647,29.0,12.0,75.0,29.504,0.0016055,0.04736868,12.02188,0.008390612,0.1008709,2.129485
648,29.5,8.0,75.0,30.49684,0.001608813,0.04906371,8.002266,0.01326107,0.1061186,2.162873
649,29.5,8.5,75.0,30.50127,0.001608823,0.04907115,8.509388,0.01285485,0.1093869,2.22915
650,29.5,9.0,75.0,30.49741,0.001608505,0.04905524,9.006573,0.01280358,0.1153164,2.350745
651,29.5,9.5,75.0,30.49531,0.001608307,0.04904583,9.515988,0.01293937,0.1231309,2.510527
652,29.5,10.0,75.0,30.49988,0.00161287,0.04919235,10.0156,0.0120915,0.1211037,2.461841
653,29.5,10.5,75.0,30.49547,0.00161008,0.04910016,10.51354,0.00983551,0.103406,2.106022
654,29.5,11.0,75.0,30.49621,0.001609356,0.04907927,11.01254,0.007601755,0.08371466,1.705703
655,29.5,11.5,75.0,30.50032,0.001609736,0.04909746,11.51556,0.006907304,0.0795415,1.620074
656,29.5,12.0,75.0,30.49287,0.001605994,0.04897135,12.02237,0.0083285,0.1001283,2.04463
657,30.0,8.0,75.0,30.50306,0.00161413,0.04923589,8.002426,0.01311522,0.1049535,2.131647
658,30.0,8.5,75.0,30.49278,0.001612609,0.04917293,8.509575,0.01301322,0.110737,2.251991
659,30.0,9.0,75.0,30.49915,0.001614335,0.04923586,9.006516,0.01216274,0.1095439,2.224881
660,30.0,9.5,75.0,30.50146,0.001615931,0.04928827,9.516076,0.01294503,0.1231859,2.499295
661,30.0,10.0,75.0,30.49429,0.001608794,0.04905903,10.01552,0.01189866,0.1191713,2.42914
662,30.0,10.5,75.0,30.49442,0.001612419,0.04916979,10.51324,0.00993624,0.104462,2.124516
663,30.0,11.0,75.0,30.49711,0.001612886,0.04918837,11.01249,0.007558244,0.08323512,1.692171
664,30.0,11.5,75.0,30.4985,0.001610732,0.04912493,11.51553,0.006957249,0.08011638,1.63087
665,30.0,12.0,75.0,30.50192,0.001613274,0.04920796,12.02218,0.008283209,0.0995822,2.023701
666,30.5,8.0,75.0,31.47751,0.001616239,0.05087517,8.002271,0.01339632,0.107201,2.107137
667,30.5,8.5,75.0,31.47727,0.00161535,0.05084681,8.509206,0.01270502,0.1081096,2.126183
668,30.5,9.0,75.0,31.47802,0.001616679,0.05088986,9.006289,0.01230082,0.1107848,2.176951
669,30.5,9.5,75.0,31.47803,0.001616201,0.05087483,9.516002,0.01287214,0.1224913,2.4077
670,30.5,10.0,75.0,31.4786,0.001618581,0.05095067,10.01554,0.0118695,0.1188795,2.333227
671,30.5,10.5,75.0,31.47735,0.00161637,0.05087905,10.51338,0.01013064,0.1065073,2.093342
672,30.5,11.0,75.0,31.48321,0.001614306,0.05082353,11.01244,0.007615513,0.0838654,1.650129
673,30.5,11.5,75.0,31.4863,0.00161759,0.05093192,11.51549,0.007110143,0.0818768,1.607573
674,30.5,12.0,75.0,31.48296,0.001617068,0.05091008,12.02194,0.008303938,0.09982947,1.960898
675,31.0,8.0,75.0,31.47934,0.001620339,0.05100721,8.002305,0.01313911,0.1051432,2.061339
676,31.0,8.5,75.0,31.47852,0.001618245,0.05093996,8.509347,0.01296383,0.1103137,2.165564
677,31.0,9.0,75.0,31.47992,0.0016188,0.05095969,9.006247,0.01252999,0.1128482,2.214459
678,31.0,9.5,75.0,31.47861,0.001621165,0.05103203,9.515836,0.01337605,0.1272843,2.494204
679,31.0,10.0,75.0,31.48193,0.001616914,0.05090359,10.01565,0.0120178,0.1203661,2.364589
680,31.0,10.5,75.0,31.48499,0.001621937,0.05106665,10.51346,0.00997897,0.1049135,2.054442
681,31.0,11.0,75.0,31.4787,0.001623195,0.05109606,11.01269,0.00768341,0.08461501,1.655999
682,31.0,11.5,75.0,31.48206,0.0016194,0.05098205,11.51569,0.007272066,0.08374288,1.642595
683,31.0,12.0,75.0,31.48329,0.001623603,0.05111637,12.02212,0.008347686,0.1003569,1.963302
684,31.5,8.0,75.0,32.47236,0.001631583,0.05298135,8.002437,0.01279413,0.1023842,1.932457
685,31.5,8.5,75.0,32.47346,0.001630196,0.0529381,8.509207,0.01278574,0.1087965,2.055165
686,31.5,9.0,75.0,32.47272,0.001634809,0.0530867,9.006462,0.01226666,0.1104792,2.081109
687,31.5,9.5,75.0,32.47198,0.001632565,0.05301262,9.516012,0.01292702,0.1230137,2.32046
688,31.5,10.0,75.0,32.47501,0.001634231,0.05307168,10.01574,0.01185782,0.1187648,2.23782
689,31.5,10.5,75.0,32.47543,0.001626383,0.05281747,10.51362,0.0101173,0.1063694,2.013906
690,31.5,11.0,75.0,32.47125,0.001633106,0.05302899,11.01263,0.008097501,0.08917481,1.681624
691,31.5,11.5,75.0,32.4713,0.001635021,0.05309124,11.51572,0.00708013,0.08153278,1.535711
692,31.5,12.0,75.0,32.4746,0.001634046,0.053065,12.02225,0.008320586,0.1000321,1.885087
693,32.0,8.0,75.0,32.47385,0.001630182,0.05293828,8.002444,0.01300121,0.1040414,1.965335
694,32.0,8.5,75.0,32.47442,0.001631953,0.05299674,8.50929,0.01270374,0.1080998,2.039745
695,32.0,9.0,75.0,32.474,0.001632393,0.05301031,9.006369,0.012755,0.1148762,2.167054
696,32.0,9.5,75.0,32.47333,0.001636022,0.05312707,9.515944,0.01313485,0.1249904,2.352669
697,32.0,10.0,75.0,32.4717,0.001630437,0.05294305,10.01535,0.01192686,0.1194517,2.25623
698,32.0,10.5,75.0,32.47228,0.001629719,0.0529207,10.51332,0.009614298,0.1010782,1.909994
699,32.0,11.0,75.0,32.47445,0.001632795,0.05302412,11.0128,0.007552286,0.08317181,1.568565
700,32.0,11.5,75.0,32.47354,0.001631691,0.05298677,11.51557,0.006913982,0.07961848,1.50261
701,32.0,12.0,75.0,32.47307,0.001628241,0.05287398,12.02221,0.008181609,0.09836099,1.860291
702,32.5,8.0,75.0,33.51333,0.001656255,0.05550661,8.002264,0.01304052,0.1043537,1.880022
703,32.5,8.5,75.0,33.51329,0.001659888,0.05562833,8.509121,0.01270944,0.1081461,1.944084
704,32.5,9.0,75.0,33.51774,0.001656449,0.05552042,9.006432,0.0127663,0.1149788,2.070928
705,32.5,9.5,75.0,33.51446,0.001657594,0.05555338,9.516047,0.01355158,0.1289575,2.321326
706,32.5,10.0,75.0,33.51336,0.00165541,0.05547834,10.01551,0.011917,0.1193548,2.151377
707,32.5,10.5,75.0,33.51247,0.001657596,0.05555014,10.51339,0.01043807,0.1097395,1.975504
708,32.5,11.0,75.0,33.51378,0.001657103,0.05553578,11.01255,0.00745886,0.08214103,1.479065
709,32.5,11.5,75.0,33.51492,0.001655779,0.05549331,11.51538,0.00712503,0.08204742,1.47851
710,32.5,12.0,75.0,33.51542,0.00165622,0.0555089,12.02224,0.008515507,0.1023755,1.844308
711,33.0,8.0,75.0,33.51227,0.001658414,0.05557722,8.002347,0.01284991,0.1028294,1.850208
712,33.0,8.5,75.0,33.51384,0.001650543,0.05531605,8.5093,0.01305246,0.1110673,2.007868
713,33.0,9.0,75.0,33.51535,0.001656294,0.05551127,9.006248,0.01288553,0.1160503,2.090572
714,33.0,9.5,75.0,33.5149,0.001658425,0.05558194,9.515944,0.01318639,0.125481,2.257585
715,33.0,10.0,75.0,33.51376,0.001658702,0.05558933,10.0157,0.01177775,0.1179624,2.122034
716,33.0,10.5,75.0,33.51352,0.00165627,0.05550746,10.51339,0.009745172,0.1024548,1.845785
717,33.0,11.0,75.0,33.51472,0.001657509,0.05555097,11.01247,0.007461217,0.08216642,1.479118
718,33.0,11.5,75.0,33.51308,0.001656972,0.05553024,11.5155,0.007171088,0.0825787,1.487094
719,33.0,12.0,75.0,33.51295,0.001656981,0.05553031,12.02215,0.008446121,0.1015405,1.82856
720,33.5,8.0,75.0,34.48226,0.001693829,0.05840706,8.002158,0.01302396,0.1042198,1.784369
721,33.5,8.5,75.0,34.4888,0.001696275,0.05850247,8.509108,0.01277437,0.1086985,1.858015
722,33.5,9.0,75.0,34.48416,0.001697179,0.05852578,9.006239,0.01251255,0.112691,1.925494
723,33.5,9.5,75.0,34.48482,0.00169474,0.05844281,9.515838,0.01284761,0.1222558,2.091888
724,33.5,10.0,75.0,34.48771,0.001698836,0.05858897,10.0155,0.01182357,0.118419,2.021182
725,33.5,10.5,75.0,34.48362,0.001692901,0.05837735,10.51321,0.009699333,0.1019711,1.746758
726,33.5,11.0,75.0,34.48511,0.001698075,0.05855829,11.01231,0.007918667,0.08720285,1.489163
727,33.5,11.5,75.0,34.48897,0.001694664,0.05844723,11.51528,0.007244178,0.08341873,1.427249
728,33.5,12.0,75.0,34.48288,0.001693531,0.05839783,12.02198,0.008364898,0.1005626,1.722027
729,34.0,8.0,75.0,34.48333,0.001697068,0.05852054,8.002172,0.0128501,0.1028287,1.757139
730,34.0,8.5,75.0,34.48578,0.00169675,0.05851374,8.509328,0.01290999,0.1098553,1.877427
731,34.0,9.0,75.0,34.48661,0.001692049,0.05835305,9.006308,0.01283995,0.1156405,1.981739
732,34.0,9.5,75.0,34.48399,0.001697159,0.05852483,9.515842,0.01295794,0.1233058,2.106896
733,34.0,10.0,75.0,34.48367,0.001693052,0.05838265,10.01547,0.01166483,0.1168288,2.001087
734,34.0,10.5,75.0,34.48811,0.001695202,0.0584643,10.51323,0.009941859,0.104521,1.787775
735,34.0,11.0,75.0,34.48407,0.001696972,0.0585185,11.01233,0.007608404,0.08378623,1.43179
736,34.0,11.5,75.0,34.48681,0.001699468,0.05860924,11.51531,0.007128119,0.08208251,1.400505
737,34.0,12.0,75.0,34.4852,0.00169615,0.05849205,12.02203,0.008270688,0.09943046,1.699897
738,34.5,8.0,75.0,35.4559,0.001763465,0.06252524,8.002172,0.01312582,0.105035,1.679882
739,34.5,8.5,75.0,35.46149,0.001757312,0.06231691,8.50917,0.01275675,0.1085494,1.741893
740,34.5,9.0,75.0,35.47115,0.001762239,0.06250864,9.006108,0.01254957,0.1130228,1.808114
741,34.5,9.5,75.0,35.46928,0.001758942,0.06238841,9.51585,0.01290233,0.1227766,1.96794
742,34.5,10.0,75.0,35.46048,0.001765224,0.06259568,10.01552,0.01179001,0.1180831,1.886442
743,34.5,10.5,75.0,35.4534,0.001766147,0.06261592,10.51328,0.0102273,0.1075225,1.717174
744,34.5,11.0,75.0,35.45461,0.001763342,0.06251859,11.01233,0.007656711,0.08431819,1.34869
745,34.5,11.5,75.0,35.45498,0.001759723,0.06239095,11.51535,0.007241892,0.08339293,1.336619
746,34.5,12.0,75.0,35.45741,0.001762389,0.06248974,12.02212,0.008208775,0.0986869,1.57925
747,35.0,8.0,75.0,35.45972,0.001759922,0.06240633,8.002301,0.01314673,0.1052041,1.685792
748,35.0,8.5,75.0,35.46894,0.001755236,0.06225636,8.509202,0.0128988,0.1097585,1.763009
749,35.0,9.0,75.0,35.46929,0.001750985,0.0621062,9.006302,0.01264065,0.1138455,1.833078
750,35.0,9.5,75.0,35.46158,0.001762623,0.0625054,9.515866,0.01321425,0.125745,2.011746
751,35.0,10.0,75.0,35.46045,0.001758002,0.06233953,10.01533,0.01203977,0.1205823,1.934283
752,35.0,10.5,75.0,35.46737,0.001755817,0.06227421,10.51307,0.01004303,0.1055831,1.695454
753,35.0,11.0,75.0,35.47012,0.001764876,0.06260037,11.01219,0.007548551,0.08312607,1.327884
754,35.0,11.5,75.0,35.4713,0.001758359,0.06237127,11.51535,0.007032571,0.08098252,1.298395
755,35.0,12.0,75.0,35.46786,0.001761412,0.06247352,12.02197,0.008398883,0.1009711,1.616222
756,25.0,8.0,80.0,25.52252,0.001922074,0.04905619,8.002204,0.01292903,0.1034607,2.109024
757,25.0,8.5,80.0,25.95524,0.001649756,0.04281982,8.509193,0.01278892,0.1088234,2.541425
758,25.0,9.0,80.0,25.95221,0.001645754,0.04271096,9.006296,0.01231274,0.1108922,2.596341
759,25.0,9.5,80.0,25.94328,0.001644419,0.04266163,9.515901,0.01312334,0.1248804,2.927231
760,25.0,10.0,80.0,25.95344,0.001644064,0.04266912,10.0154,0.01176929,0.1178741,2.762516
761,25.0,10.5,80.0,25.94817,0.001645099,0.0426873,10.5131,0.009773578,0.1027506,2.407054
762,25.0,11.0,80.0,25.94785,0.00164601,0.04271043,11.01226,0.007670764,0.08447242,1.977794
763,25.0,11.5,80.0,25.94771,0.001641054,0.04258161,11.51528,0.007228289,0.08323576,1.954735
764,25.0,12.0,80.0,25.95031,0.001640277,0.0425657,12.02187,0.008098751,0.09736212,2.287337
765,25.5,8.0,80.0,25.95049,0.001644599,0.04267816,8.002256,0.01312296,0.1050133,2.460587
766,25.5,8.5,80.0,25.94904,0.001647481,0.04275055,8.509191,0.01278062,0.1087527,2.543891
767,25.5,9.0,80.0,25.9503,0.001650285,0.04282539,9.006228,0.01236601,0.1113711,2.600585
768,25.5,9.5,80.0,25.94711,0.001649396,0.04279706,9.515849,0.01317212,0.1253439,2.928798
769,25.5,10.0,80.0,25.94469,0.001646539,0.04271894,10.01536,0.01194032,0.1195866,2.799381
770,25.5,10.5,80.0,25.95271,0.001651686,0.04286573,10.51302,0.009946455,0.1045673,2.439415
771,25.5,11.0,80.0,25.95598,0.001646718,0.04274218,11.01215,0.007693563,0.08472268,1.98218
772,25.5,11.5,80.0,25.9439,0.001646254,0.04271025,11.51529,0.007253929,0.0835311,1.955762
773,25.5,12.0,80.0,25.95312,0.001651534,0.04286248,12.02166,0.008360011,0.1005012,2.344737
774,26.0,8.0,80.0,27.02318,0.001617893,0.0437206,8.002073,0.01322739,0.1058466,2.420977
775,26.0,8.5,80.0,27.03039,0.001619199,0.04376759,8.508934,0.01261515,0.1073414,2.452533
776,26.0,9.0,80.0,27.03826,0.00161519,0.04367194,9.005905,0.01244368,0.1120666,2.566101
777,26.0,9.5,80.0,27.02661,0.001623542,0.04387884,9.515379,0.0129784,0.1234944,2.814441
778,26.0,10.0,80.0,27.03319,0.001618795,0.04376119,10.01515,0.01188738,0.119054,2.720537
779,26.0,10.5,80.0,27.02772,0.001626062,0.04394875,10.51302,0.01005657,0.1057249,2.40564
780,26.0,11.0,80.0,27.03264,0.001618386,0.04374925,11.01224,0.007932163,0.08735088,1.996626
781,26.0,11.5,80.0,27.02654,0.001617164,0.04370634,11.51537,0.007222759,0.08317271,1.90299
782,26.0,12.0,80.0,27.03826,0.001620203,0.04380748,12.02189,0.008320659,0.10003,2.283401
783,26.5,8.0,80.0,27.03173,0.001624874,0.04392317,8.00211,0.01307981,0.104666,2.382935
784,26.5,8.5,80.0,27.02827,0.001615878,0.04367439,8.509034,0.01280626,0.1089689,2.495029
785,26.5,9.0,80.0,27.03391,0.001619926,0.04379295,9.006138,0.01260587,0.1135302,2.59243
786,26.5,9.5,80.0,27.03144,0.001622321,0.04385367,9.515656,0.01315016,0.1251324,2.853408
787,26.5,10.0,80.0,27.02834,0.001620495,0.04379928,10.01534,0.01192486,0.1194316,2.726793
788,26.5,10.5,80.0,27.03131,0.001618863,0.04376,10.51308,0.01008859,0.1060622,2.423724
789,26.5,11.0,80.0,27.02982,0.001620091,0.04379075,11.01208,0.007429786,0.08181739,1.868371
790,26.5,11.5,80.0,27.02971,0.001617929,0.04373215,11.51527,0.006860968,0.07900587,1.806586
791,26.5,12.0,80.0,27.03147,0.001617563,0.0437251,12.02168,0.00846033,0.1017074,2.326065
792,27.0,8.0,80.0,27.98438,0.00161067,0.04507359,8.00174,0.01328198,0.106279,2.357899
793,27.0,8.5,80.0,27.97842,0.001614482,0.04517066,8.508782,0.01306929,0.1112037,2.461857
794,27.0,9.0,80.0,27.98923,0.001612946,0.04514512,9.005987,0.01247229,0.1123253,2.488094
795,27.0,9.5,80.0,27.98041,0.001616081,0.04521861,9.515522,0.01306223,0.1242939,2.748734
796,27.0,10.0,80.0,27.98286,0.001615765,0.04521373,10.01508,0.0118454,0.1186326,2.623817
797,27.0,10.5,80.0,27.98859,0.001608873,0.04503009,10.51278,0.01018672,0.1070907,2.378202
798,27.0,11.0,80.0,27.98199,0.001609104,0.04502592,11.01202,0.007462245,0.08217438,1.825046
799,27.0,11.5,80.0,27.97562,0.001613199,0.04513024,11.51509,0.007161782,0.08246859,1.827347
800,27.0,12.0,80.0,27.97379,0.001609607,0.04502681,12.02188,0.008352808,0.1004164,2.230148
801,27.5,8.0,80.0,27.98327,0.001613658,0.04515542,8.001886,0.01321956,0.1057814,2.342608
802,27.5,8.5,80.0,27.98561,0.001617139,0.04525661,8.508924,0.01272402,0.1082677,2.392307
803,27.5,9.0,80.0,27.99106,0.001610167,0.04507028,9.006042,0.01227778,0.1105742,2.453373
804,27.5,9.5,80.0,27.97464,0.00160789,0.04498016,9.51562,0.01340995,0.127604,2.836895
805,27.5,10.0,80.0,27.98758,0.001606386,0.04495887,10.0153,0.01190594,0.1192416,2.652238
806,27.5,10.5,80.0,27.97238,0.001610765,0.04505692,10.51311,0.009583156,0.1007488,2.236033
807,27.5,11.0,80.0,27.98408,0.001609765,0.04504777,11.01232,0.007699643,0.08479092,1.882244
808,27.5,11.5,80.0,27.99101,0.001611828,0.04511669,11.51526,0.007158972,0.08243743,1.827205
809,27.5,12.0,80.0,27.96851,0.001610507,0.04504348,12.02208,0.008354443,0.1004378,2.229796
810,28.0,8.0,80.0,28.96602,0.001613088,0.04672474,8.00217,0.01315341,0.1052558,2.252678
811,28.0,8.5,80.0,28.96536,0.001608863,0.0466013,8.509168,0.01288271,0.1096212,2.35232
812,28.0,9.0,80.0,28.98691,0.001611705,0.04671834,9.006217,0.01260881,0.1135577,2.430686
813,28.0,9.5,80.0,28.97947,0.001610512,0.04667177,9.515862,0.01300975,0.123799,2.652546
814,28.0,10.0,80.0,28.99193,0.001610023,0.04667768,10.01532,0.01168456,0.1170246,2.507079
815,28.0,10.5,80.0,28.99365,0.001605576,0.04655151,10.51301,0.009869939,0.1037628,2.228989
816,28.0,11.0,80.0,28.99689,0.00161026,0.04669255,11.01211,0.007673897,0.08450583,1.809836
817,28.0,11.5,80.0,28.99939,0.001602891,0.04648286,11.51535,0.007109723,0.08187091,1.761314
818,28.0,12.0,80.0,28.99594,0.001605104,0.04654151,12.02203,0.008429457,0.1013392,2.177394
819,28.5,8.0,80.0,28.98778,0.001612285,0.04673656,8.002114,0.0130491,0.1044204,2.234233
820,28.5,8.5,80.0,28.98884,0.001600861,0.04640711,8.509192,0.01271418,0.1081874,2.331267
821,28.5,9.0,80.0,28.97715,0.001605395,0.04651976,9.006207,0.01249124,0.1124987,2.4183
822,28.5,9.5,80.0,28.9599,0.001610975,0.04665369,9.515838,0.01304722,0.1241553,2.66121
823,28.5,10.0,80.0,28.99969,0.001606657,0.04659254,10.01553,0.01191251,0.1193101,2.560713
824,28.5,10.5,80.0,28.9543,0.001602432,0.04639731,10.51317,0.009832133,0.1033669,2.227864
825,28.5,11.0,80.0,28.95152,0.00160743,0.04653753,11.01217,0.007506151,0.08265904,1.77618
826,28.5,11.5,80.0,28.96573,0.001612776,0.04671524,11.5153,0.007106309,0.08183124,1.751703
827,28.5,12.0,80.0,28.9997,0.001605319,0.04655376,12.02191,0.008554242,0.1028383,2.209023
828,29.0,8.0,80.0,29.94963,0.001605489,0.0480838,8.002278,0.01316566,0.1053552,2.191076
829,29.0,8.5,80.0,29.91613,0.001612821,0.04824936,8.509196,0.01295646,0.110249,2.284985
830,29.0,9.0,80.0,29.9448,0.001609336,0.04819125,9.006091,0.01250648,0.1126345,2.337239
831,29.0,9.5,80.0,29.91551,0.00160414,0.04798866,9.515737,0.01277802,0.1215923,2.53377
832,29.0,10.0,80.0,29.92274,0.001608614,0.04813412,10.01552,0.01198828,0.1200689,2.494465
833,29.0,10.5,80.0,29.92753,0.001602518,0.0479594,10.51325,0.009956816,0.1046785,2.182648
834,29.0,11.0,80.0,29.90446,0.001606643,0.04804579,11.01236,0.00770534,0.08485399,1.766107
835,29.0,11.5,80.0,29.92438,0.001601481,0.04792333,11.51547,0.007047608,0.08115651,1.693466
836,29.0,12.0,80.0,29.93107,0.001608301,0.04813816,12.02212,0.008176784,0.09830225,2.042086
837,29.5,8.0,80.0,29.9162,0.001610369,0.04817612,8.002242,0.01304119,0.1043588,2.166193
838,29.5,8.5,80.0,29.94679,0.001608482,0.04816888,8.509321,0.01266637,0.1077823,2.237591
839,29.5,9.0,80.0,29.90272,0.001607049,0.04805514,9.006405,0.01234198,0.1111569,2.313111
840,29.5,9.5,80.0,29.94621,0.00160848,0.04816788,9.516011,0.01301831,0.1238823,2.571887
841,29.5,10.0,80.0,29.95309,0.001610339,0.04823464,10.01545,0.01201685,0.1203541,2.495181
842,29.5,10.5,80.0,29.95374,0.001611096,0.04825835,10.51318,0.009919842,0.1042891,2.161058
843,29.5,11.0,80.0,29.95411,0.001610389,0.04823776,11.01218,0.007928867,0.08731408,1.810077
844,29.5,11.5,80.0,29.95373,0.001609227,0.04820235,11.51529,0.007266593,0.0836769,1.735951
845,29.5,12.0,80.0,29.95358,0.001614151,0.04834959,12.02201,0.008224146,0.09887077,2.044914
846,30.0,8.0,80.0,31.03601,0.001616979,0.05018457,8.002225,0.01314215,0.1051665,2.095593
847,30.0,8.5,80.0,30.98966,0.001611243,0.04993187,8.509088,0.01272309,0.1082619,2.168192
848,30.0,9.0,80.0,31.03761,0.001612993,0.05006344,9.006017,0.01262251,0.1136785,2.270689
849,30.0,9.5,80.0,31.03487,0.00161606,0.05015423,9.515471,0.01336382,0.1271631,2.535441
850,30.0,10.0,80.0,31.02777,0.001613687,0.0500691,10.01502,0.0118959,0.1191376,2.379464
851,30.0,10.5,80.0,31.03167,0.001613696,0.05007569,10.51287,0.009977299,0.10489,2.09463
852,30.0,11.0,80.0,31.03424,0.001614684,0.05011049,11.01232,0.007618429,0.08389659,1.674232
853,30.0,11.5,80.0,31.01425,0.001614347,0.05006776,11.51524,0.00717233,0.08259109,1.649586
854,30.0,12.0,80.0,30.99819,0.00161445,0.05004505,12.02198,0.008296391,0.09973903,1.992985
855,30.5,8.0,80.0,31.03002,0.001613074,0.0500537,8.002134,0.01287792,0.1030508,2.058806
856,30.5,8.5,80.0,31.00271,0.001614099,0.05004144,8.50902,0.01278271,0.1087683,2.173565
857,30.5,9.0,80.0,31.03148,0.001614676,0.05010579,9.00627,0.01257867,0.1132869,2.260955
858,30.5,9.5,80.0,30.99822,0.001615864,0.05008891,9.51594,0.01316646,0.1252912,2.501376
859,30.5,10.0,80.0,31.02759,0.001611597,0.05000398,10.0152,0.01174884,0.117667,2.353153
860,30.5,10.5,80.0,31.00968,0.001615096,0.0500836,10.51308,0.009914338,0.1042302,2.081125
861,30.5,11.0,80.0,30.99455,0.001613772,0.05001812,11.01228,0.008113076,0.08934344,1.786222
862,30.5,11.5,80.0,30.99946,0.001613164,0.05000721,11.51505,0.007215684,0.083089,1.66154
863,30.5,12.0,80.0,31.00376,0.001613486,0.05002413,12.02181,0.008442468,0.1014937,2.028896
864,31.0,8.0,80.0,31.97762,0.001622942,0.05189782,8.002029,0.01272835,0.1018526,1.962561
865,31.0,8.5,80.0,31.97665,0.001622751,0.05189013,8.50909,0.01269115,0.1079901,2.08113
866,31.0,9.0,80.0,31.99124,0.001622543,0.05190716,9.006025,0.01238963,0.1115813,2.149632
867,31.0,9.5,80.0,32.01738,0.001627569,0.0521105,9.515885,0.0129709,0.1234296,2.368612
868,31.0,10.0,80.0,31.97577,0.001623095,0.05189972,10.0151,0.01152723,0.1154464,2.224413
869,31.0,10.5,80.0,31.98209,0.001627371,0.05204672,10.51299,0.009901563,0.104095,2.000031
870,31.0,11.0,80.0,32.00526,0.001628257,0.0521128,11.01208,0.007685197,0.08463002,1.623978
871,31.0,11.5,80.0,32.01226,0.001619596,0.05184693,11.51521,0.007305862,0.08412851,1.622633
872,31.0,12.0,80.0,31.97712,0.001626806,0.05202057,12.02182,0.008262526,0.09933057,1.909448
873,31.5,8.0,80.0,31.98577,0.0016215,0.05186493,8.002028,0.01303706,0.1043229,2.011434
874,31.5,8.5,80.0,32.01645,0.001623638,0.05198311,8.509188,0.0129577,0.1102595,2.121064
875,31.5,9.0,80.0,31.97276,0.001625397,0.05196843,9.006184,0.01240438,0.1117161,2.149692
876,31.5,9.5,80.0,32.0225,0.00162356,0.05199045,9.515775,0.0130411,0.1240962,2.386904
877,31.5,10.0,80.0,31.98344,0.001622894,0.05190574,10.01534,0.01198028,0.1199866,2.311626
878,31.5,10.5,80.0,32.00376,0.001626746,0.05206199,10.51306,0.009800396,0.1030322,1.979028
879,31.5,11.0,80.0,32.00771,0.001626687,0.05206652,11.01215,0.007506849,0.08266656,1.58771
880,31.5,11.5,80.0,31.98458,0.001626101,0.05201016,11.51522,0.0072043,0.0829591,1.595056
881,31.5,12.0,80.0,32.01576,0.001625987,0.0520572,12.02194,0.008544126,0.102717,1.973155
882,32.0,8.0,80.0,33.02775,0.001644084,0.05430039,8.002172,0.01322104,0.105797,1.948366
883,32.0,8.5,80.0,33.01754,0.001645038,0.0543151,8.509147,0.01289053,0.1096874,2.019464
884,32.0,9.0,80.0,32.99812,0.001640443,0.05413152,9.006147,0.01248448,0.1124371,2.077109
885,32.0,9.5,80.0,33.02516,0.001643336,0.05427144,9.515622,0.01311676,0.1248141,2.299812
886,32.0,10.0,80.0,33.00467,0.001638755,0.05408658,10.01521,0.01182259,0.1184057,2.189188
887,32.0,10.5,80.0,33.03104,0.001648939,0.05446617,10.51288,0.01026045,0.1078669,1.980438
888,32.0,11.0,80.0,33.00632,0.001642857,0.05422467,11.01217,0.007519796,0.08280925,1.527151
889,32.0,11.5,80.0,33.00655,0.001641736,0.05418804,11.51515,0.007039025,0.08105547,1.495818
890,32.0,12.0,80.0,33.01828,0.00164391,0.05427908,12.0218,0.008412849,0.1011376,1.863289
891,32.5,8.0,80.0,33.01886,0.001645274,0.05432506,8.001945,0.01300086,0.1040322,1.914994
892,32.5,8.5,80.0,33.01119,0.001643389,0.05425024,8.508751,0.01297527,0.1104034,2.035076
893,32.5,9.0,80.0,33.02081,0.001644501,0.05430275,9.005745,0.01224496,0.110275,2.030743
894,32.5,9.5,80.0,33.01688,0.001644803,0.05430628,9.515509,0.01317658,0.1253819,2.308791
895,32.5,10.0,80.0,33.0151,0.001645833,0.05433736,10.01506,0.01199645,0.1201452,2.211097
896,32.5,10.5,80.0,33.02262,0.001642649,0.05424456,10.51292,0.009821125,0.1032487,1.903393
897,32.5,11.0,80.0,33.01352,0.001645881,0.05433631,11.012,0.008001603,0.08811364,1.621635
898,32.5,11.5,80.0,33.02294,0.001643065,0.05425883,11.51506,0.007046707,0.08114325,1.495485
899,32.5,12.0,80.0,33.02353,0.001643501,0.0542742,12.02177,0.008492492,0.1020948,1.881092
900,33.0,8.0,80.0,34.01097,0.001679442,0.05711946,8.002006,0.01312402,0.1050185,1.838577
901,33.0,8.5,80.0,34.0095,0.001676457,0.05701547,8.509064,0.01275183,0.1085062,1.9031
902,33.0,9.0,80.0,34.0125,0.00167566,0.05699341,9.00611,0.01213484,0.1092877,1.91755
903,33.0,9.5,80.0,34.02371,0.001675948,0.05702196,9.515758,0.01339887,0.1275004,2.235988
904,33.0,10.0,80.0,34.02379,0.001672675,0.05691072,10.0154,0.01217173,0.1219048,2.142035
905,33.0,10.5,80.0,34.01628,0.001674525,0.05696113,10.51309,0.009787275,0.1028945,1.806398
906,33.0,11.0,80.0,34.01809,0.001675728,0.05700507,11.01244,0.007733943,0.08516962,1.494071
907,33.0,11.5,80.0,34.02378,0.001676482,0.05704024,11.51528,0.007461083,0.08591649,1.506243
908,33.0,12.0,80.0,34.01316,0.001675828,0.0570002,12.02201,0.00851176,0.1023285,1.79523
909,33.5,8.0,80.0,34.01884,0.001673703,0.05693745,8.002131,0.01333476,0.1067065,1.874101
910,33.5,8.5,80.0,34.02742,0.001676492,0.05704671,8.508945,0.01268718,0.1079546,1.892389
911,33.5,9.0,80.0,34.0221,0.001679454,0.05713854,9.006238,0.01246471,0.1122602,1.964701
912,33.5,9.5,80.0,34.01559,0.001673587,0.05692803,9.515835,0.01349949,0.1284589,2.256514
913,33.5,10.0,80.0,34.02579,0.001676203,0.05703412,10.01532,0.01206555,0.1208403,2.118738
914,33.5,10.5,80.0,34.01558,0.001678031,0.05707919,10.51319,0.01018395,0.1070658,1.875741
915,33.5,11.0,80.0,34.01444,0.001677374,0.05705493,11.01223,0.007662431,0.08438044,1.478933
916,33.5,11.5,80.0,34.01826,0.001675864,0.05700996,11.5152,0.00708454,0.08157991,1.430977
917,33.5,12.0,80.0,34.01844,0.001675299,0.05699106,12.02167,0.008458392,0.101684,1.78421
918,34.0,8.0,80.0,34.94816,0.001728585,0.06041086,8.00214,0.01302725,0.1042459,1.725615
919,34.0,8.5,80.0,34.95021,0.001726195,0.06033086,8.509007,0.01295594,0.1102421,1.827293
920,34.0,9.0,80.0,34.94737,0.001726584,0.06033958,9.006068,0.01258359,0.1133286,1.878181
921,34.0,9.5,80.0,34.94306,0.001728088,0.06038468,9.515794,0.01287978,0.1225614,2.029676
922,34.0,10.0,80.0,34.94464,0.001728305,0.06039499,10.01534,0.01201749,0.1203592,1.992867
923,34.0,10.5,80.0,34.94788,0.001726716,0.06034508,10.51318,0.01002985,0.1054456,1.747378
924,34.0,11.0,80.0,34.94267,0.001724087,0.0602442,11.01239,0.00762782,0.08400052,1.394334
925,34.0,11.5,80.0,34.94638,0.001724695,0.06027183,11.51548,0.00715004,0.08233611,1.36608
926,34.0,12.0,80.0,34.96948,0.001729474,0.0604788,12.02179,0.008526484,0.1025036,1.694868
927,34.5,8.0,80.0,34.95219,0.001723838,0.06025191,8.002009,0.01311426,0.1049404,1.741695
928,34.5,8.5,80.0,34.94922,0.001724809,0.06028072,8.508922,0.01296094,0.1102836,1.829501
929,34.5,9.0,80.0,34.9572,0.0017294,0.06045498,9.005977,0.01221394,0.1099985,1.819511
930,34.5,9.5,80.0,34.9574,0.001720248,0.06013542,9.51577,0.01277339,0.1215486,2.021249
931,34.5,10.0,80.0,34.94612,0.001722935,0.0602099,10.01536,0.0119465,0.1196486,1.987191
932,34.5,10.5,80.0,34.95585,0.001722921,0.06022616,10.51312,0.009965575,0.1047693,1.739598
933,34.5,11.0,80.0,34.94918,0.001722796,0.06021029,11.01216,0.007555859,0.08320631,1.381929
934,34.5,11.5,80.0,34.95617,0.001725387,0.06031292,11.51521,0.007305487,0.08412422,1.394796
935,34.5,12.0,80.0,34.94905,0.001725236,0.06029536,12.022,0.008460497,0.1017121,1.686897
936,35.0,8.0,80.0,35.98076,0.001812112,0.06520117,8.002053,0.01267466,0.1014233,1.555544
937,35.0,8.5,80.0,35.98858,0.001809887,0.06513529,8.508866,0.0124863,0.1062442,1.631132
938,35.0,9.0,80.0,35.9785,0.001801343,0.06480961,9.005989,0.01271178,0.1144821,1.766437
939,35.0,9.5,80.0,35.97452,0.001802832,0.06485602,9.515542,0.01272657,0.1211002,1.867216
940,35.0,10.0,80.0,35.97168,0.001805805,0.06495784,10.01509,0.0119827,0.1200078,1.847472
941,35.0,10.5,80.0,35.9822,0.001795275,0.06459796,10.51291,0.00993868,0.1044844,1.617457
942,35.0,11.0,80.0,35.99092,0.001806507,0.06501783,11.01197,0.007299485,0.08038168,1.236302
943,35.0,11.5,80.0,35.96971,0.001798236,0.06468201,11.515,0.007182309,0.0827043,1.278629
944,35.0,12.0,80.0,36.00039,0.001807914,0.06508562,12.02182,0.00868736,0.1044379,1.604623
945,25.0,8.0,85.0,35.97016,0.001808556,0.06505407,8.002101,0.01294917,0.1036206,1.592838
946,25.0,8.5,85.0,35.99649,0.001805352,0.06498633,8.508831,0.01289861,0.1097521,1.688849
947,25.0,9.0,85.0,35.97095,0.001800894,0.06477987,9.006156,0.01257297,0.1132341,1.747983
948,25.0,9.5,85.0,35.99409,0.001805455,0.06498569,9.51563,0.01295902,0.1233133,1.897545
949,25.0,10.0,85.0,35.98199,0.00180289,0.06487158,10.01523,0.01193596,0.1195414,1.842739
950,25.0,10.5,85.0,35.99317,0.001801948,0.06485783,10.51301,0.01021654,0.1074066,1.656031
951,25.0,11.0,85.0,35.96723,0.001801163,0.06478284,11.01224,0.007747085,0.08531273,1.316903
952,25.0,11.5,85.0,35.98247,0.001801161,0.06481022,11.51522,0.007169695,0.08256059,1.273882
953,25.0,12.0,85.0,36.00477,0.001807773,0.06508845,12.02182,0.008447139,0.10155,1.560184
954,25.5,8.0,85.0,26.06054,0.001932623,0.05036519,8.001857,0.01283016,0.1026651,2.038414
955,25.5,8.5,85.0,26.48565,0.001632215,0.04323028,8.508898,0.01264276,0.1075759,2.488439
956,25.5,9.0,85.0,26.48144,0.001638234,0.04338281,9.005988,0.01279129,0.1151982,2.655388
957,25.5,9.5,85.0,26.47936,0.001637376,0.04335667,9.515496,0.01314007,0.1250343,2.883853
958,25.5,10.0,85.0,26.47096,0.001632233,0.04320676,10.01512,0.01218574,0.1220417,2.824598
959,25.5,10.5,85.0,26.46171,0.001635363,0.0432745,10.51293,0.009820555,0.1032429,2.385767
960,25.5,11.0,85.0,26.45548,0.001633649,0.04321897,11.01184,0.007666146,0.08441836,1.953271
961,25.5,11.5,85.0,26.47596,0.001630327,0.04316447,11.51491,0.007119408,0.08197933,1.899232
962,25.5,12.0,85.0,26.45458,0.001633018,0.04320081,12.02147,0.008216917,0.09877941,2.286518
963,26.0,8.0,85.0,26.46112,0.001630404,0.04314232,8.001541,0.01298905,0.1039324,2.409059
964,26.0,8.5,85.0,26.47651,0.001637663,0.0433596,8.508551,0.01297092,0.1103637,2.545313
965,26.0,9.0,85.0,26.47039,0.00163525,0.04328569,9.005671,0.01274921,0.1148152,2.652498
966,26.0,9.5,85.0,26.45223,0.001630771,0.04313754,9.515454,0.01250655,0.1190055,2.758745
967,26.0,10.0,85.0,26.46338,0.001633189,0.04321971,10.01506,0.01217888,0.1219723,2.822145
968,26.0,10.5,85.0,26.46681,0.001636955,0.04332497,10.51294,0.009719779,0.1021834,2.358535
969,26.0,11.0,85.0,26.46261,0.001638255,0.04335252,11.01197,0.007310094,0.08049853,1.856836
970,26.0,11.5,85.0,26.45754,0.00163505,0.04325939,11.51502,0.006926244,0.07975585,1.843666
971,26.0,12.0,85.0,26.48202,0.001633439,0.04325677,12.02156,0.008466148,0.1017763,2.35284
972,26.5,8.0,85.0,27.46742,0.001612752,0.04429815,8.00188,0.0129125,0.1033243,2.332474
973,26.5,8.5,85.0,27.4821,0.001621296,0.04455661,8.508879,0.01309005,0.1113816,2.499777
974,26.5,9.0,85.0,27.50132,0.001622187,0.04461228,9.005971,0.01266179,0.1140317,2.55606
975,26.5,9.5,85.0,27.47134,0.001618864,0.04447237,9.515485,0.0127597,0.1214148,2.730117
976,26.5,10.0,85.0,27.49473,0.001617805,0.04448112,10.01513,0.01148438,0.1150176,2.585762
977,26.5,10.5,85.0,27.50879,0.001619439,0.0445488,10.51294,0.00955618,0.1004636,2.255135
978,26.5,11.0,85.0,27.49728,0.001625656,0.04470111,11.01204,0.007560193,0.08325312,1.86244
979,26.5,11.5,85.0,27.48884,0.001620489,0.04454537,11.51502,0.006987411,0.08046019,1.806252
980,26.5,12.0,85.0,27.46911,0.001617648,0.04443536,12.0217,0.00848598,0.1020159,2.295827
981,27.0,8.0,85.0,27.48519,0.001622512,0.04459505,8.001896,0.01291717,0.1033619,2.317788
982,27.0,8.5,85.0,27.50176,0.001616286,0.0444507,8.508739,0.0128853,0.1096376,2.466499
983,27.0,9.0,85.0,27.49181,0.001616869,0.04445067,9.005797,0.01248616,0.1124478,2.529721
984,27.0,9.5,85.0,27.50612,0.001619077,0.04453453,9.515412,0.01269612,0.1208088,2.712699
985,27.0,10.0,85.0,27.50301,0.00161897,0.04452655,10.01515,0.01177766,0.1179551,2.649095
986,27.0,10.5,85.0,27.51044,0.001620202,0.04457247,10.51288,0.01009322,0.1061088,2.38059
987,27.0,11.0,85.0,27.50665,0.001616837,0.04447377,11.01181,0.007512915,0.08273081,1.860216
